--
-- PostgreSQL database dump
--

\restrict oyka57t2jHeGr9vmdWobKac7NSYp9HTbEwaLo4fFOQkkmTUSq4XMZ86KjMB86Tb

-- Dumped from database version 18.4
-- Dumped by pg_dump version 18.4

-- Started on 2026-06-08 13:19:19

SET statement_timeout = 0;
SET lock_timeout = 0;
SET idle_in_transaction_session_timeout = 0;
SET transaction_timeout = 0;
SET client_encoding = 'UTF8';
SET standard_conforming_strings = on;
SELECT pg_catalog.set_config('search_path', '', false);
SET check_function_bodies = false;
SET xmloption = content;
SET client_min_messages = warning;
SET row_security = off;

SET default_tablespace = '';

SET default_table_access_method = heap;

--
-- TOC entry 221 (class 1259 OID 16389)
-- Name: dim_cliente; Type: TABLE; Schema: public; Owner: postgres
--

CREATE TABLE public.dim_cliente (
    cliente_sk bigint,
    cliente_id text,
    razon_social text,
    sector text,
    pais text,
    fecha_inicio_servicio text,
    activo boolean
);


ALTER TABLE public.dim_cliente OWNER TO postgres;

--
-- TOC entry 223 (class 1259 OID 16399)
-- Name: dim_empleado; Type: TABLE; Schema: public; Owner: postgres
--

CREATE TABLE public.dim_empleado (
    empleado_sk bigint,
    cedula text,
    nombre_completo text,
    cargo text,
    departamento text,
    tipo_contrato text,
    fecha_ingreso text,
    cliente_sk bigint
);


ALTER TABLE public.dim_empleado OWNER TO postgres;

--
-- TOC entry 224 (class 1259 OID 16404)
-- Name: dim_impuesto; Type: TABLE; Schema: public; Owner: postgres
--

CREATE TABLE public.dim_impuesto (
    impuesto_sk bigint,
    codigo_impuesto text,
    nombre_impuesto text,
    periodicidad text,
    tasa_referencia double precision,
    ente_recaudador text
);


ALTER TABLE public.dim_impuesto OWNER TO postgres;

--
-- TOC entry 222 (class 1259 OID 16394)
-- Name: dim_tiempo; Type: TABLE; Schema: public; Owner: postgres
--

CREATE TABLE public.dim_tiempo (
    fecha text,
    tiempo_sk bigint,
    anio integer,
    trimestre integer,
    mes integer,
    nombre_mes text,
    semana_iso bigint,
    es_fin_de_mes boolean
);


ALTER TABLE public.dim_tiempo OWNER TO postgres;

--
-- TOC entry 225 (class 1259 OID 16409)
-- Name: fact_financiero; Type: TABLE; Schema: public; Owner: postgres
--

CREATE TABLE public.fact_financiero (
    financiero_sk bigint,
    cliente_sk bigint,
    tiempo_sk double precision,
    activo_corriente bigint,
    pasivo_corriente bigint,
    inventarios double precision,
    deuda_total double precision,
    patrimonio_neto double precision,
    ingresos_totales bigint,
    utilidad_neta double precision,
    utilidad_operativa double precision,
    depreciacion double precision
);


ALTER TABLE public.fact_financiero OWNER TO postgres;

--
-- TOC entry 226 (class 1259 OID 16412)
-- Name: fact_nomina; Type: TABLE; Schema: public; Owner: postgres
--

CREATE TABLE public.fact_nomina (
    nomina_sk bigint,
    cliente_sk bigint,
    empleado_sk bigint,
    tiempo_sk double precision,
    salario_bruto double precision,
    deducciones_css double precision,
    patronal_css double precision,
    impuesto_renta_retenido double precision,
    salario_neto double precision,
    estado_empleado text
);


ALTER TABLE public.fact_nomina OWNER TO postgres;

--
-- TOC entry 227 (class 1259 OID 16417)
-- Name: fact_tributario; Type: TABLE; Schema: public; Owner: postgres
--

CREATE TABLE public.fact_tributario (
    tributario_sk bigint,
    cliente_sk bigint,
    impuesto_sk bigint,
    tiempo_sk double precision,
    monto_debito double precision,
    monto_credito double precision,
    monto_pagado double precision,
    fecha_vencimiento text,
    fecha_presentacion text,
    estado_declaracion text
);


ALTER TABLE public.fact_tributario OWNER TO postgres;

--
-- TOC entry 5028 (class 0 OID 16389)
-- Dependencies: 221
-- Data for Name: dim_cliente; Type: TABLE DATA; Schema: public; Owner: postgres
--

COPY public.dim_cliente (cliente_sk, cliente_id, razon_social, sector, pais, fecha_inicio_servicio, activo) FROM stdin;
1	15523-2-65342 DV 45	Inversiones Pacifico S.A.	Comercio	Panamá	2024-01-01	t
2	8-842-1324 DV 12	TechServ Panama S.A.	Servicios TI	Panamá	2024-01-01	t
3	4-721-985 DV 88	Agroexport Chiriqui S.A.	Agroindustrial	Panamá	2024-01-01	t
\.


--
-- TOC entry 5030 (class 0 OID 16399)
-- Dependencies: 223
-- Data for Name: dim_empleado; Type: TABLE DATA; Schema: public; Owner: postgres
--

COPY public.dim_empleado (empleado_sk, cedula, nombre_completo, cargo, departamento, tipo_contrato, fecha_ingreso, cliente_sk) FROM stdin;
23	PE-51-600	Carlos Alvarado	Coordinador	Tecnologia	Indefinido	5/15/2023	2
38	PE-46-397	Carlos Alvarado	Gerente	Tecnologia	Por Obra	5/15/2023	3
30	PE-15-735	María Varela	Gerente	Finanzas	Indefinido	5/15/2023	3
1	PE-93-886	María Varela	Operario	Operaciones	Temporal	5/15/2023	1
10	PE-40-168	Juan Castro	Coordinador	Tecnologia	Indefinido	5/15/2023	1
39	PE-14-204	Juan Castro	Analista	Finanzas	Por Obra	5/15/2023	3
40	PE-86-245	Ana Batista	Analista	Ventas	Indefinido	5/15/2023	3
11	PE-48-101	Ana Batista	Gerente	Ventas	Temporal	5/15/2023	1
41	PE-17-572	Luis Montenegro	Coordinador	Ventas	Temporal	5/15/2023	3
12	PE-86-890	Luis Montenegro	Analista	Tecnologia	Temporal	5/15/2023	1
13	PE-27-107	Patricia Gómez	Gerente	Logistica	Por Obra	5/15/2023	1
42	PE-28-386	Patricia Gómez	Supervisor	Tecnologia	Por Obra	5/15/2023	3
14	PE-18-501	Jorge Vargas	Operario	Finanzas	Indefinido	5/15/2023	1
43	PE-20-565	Jorge Vargas	Coordinador	Tecnologia	Por Obra	5/15/2023	3
2	PE-64-774	Elena Miranda	Gerente	Finanzas	Indefinido	5/15/2023	1
44	PE-10-150	Elena Miranda	Supervisor	Ventas	Por Obra	5/15/2023	3
45	PE-37-818	Ricardo Ramos	Gerente	Logistica	Indefinido	5/15/2023	3
3	PE-91-349	Ricardo Ramos	Coordinador	Finanzas	Temporal	5/15/2023	1
46	PE-81-376	Diana Rodríguez	Gerente	Logistica	Indefinido	5/15/2023	3
4	PE-67-506	Diana Rodríguez	Coordinador	Operaciones	Por Obra	5/15/2023	1
47	PE-69-566	Fernando Ríos	Analista	Finanzas	Indefinido	5/15/2023	3
5	PE-48-947	Fernando Ríos	Operario	Finanzas	Por Obra	5/15/2023	1
48	PE-37-679	Gabriela Guerra	Coordinador	Tecnologia	Temporal	5/15/2023	3
6	PE-16-966	Gabriela Guerra	Supervisor	Operaciones	Por Obra	5/15/2023	1
7	PE-92-985	Roberto Núñez	Gerente	Tecnologia	Indefinido	5/15/2023	1
31	PE-79-529	Roberto Núñez	Coordinador	Operaciones	Temporal	5/15/2023	3
49	PE-20-571	Sonia Espinoza	Operario	Finanzas	Temporal	5/15/2023	3
8	PE-19-511	Sonia Espinoza	Operario	Ventas	Indefinido	5/15/2023	1
50	PE-80-756	Manuel Torres	Supervisor	Finanzas	Temporal	5/15/2023	3
9	PE-95-147	Manuel Torres	Coordinador	Finanzas	Por Obra	5/15/2023	1
51	PE-17-924	Beatriz Paredes	Analista	Ventas	Indefinido	5/15/2023	3
15	PE-32-835	Beatriz Paredes	Operario	Operaciones	Por Obra	5/15/2023	2
52	PE-63-399	Alejandro Jiménez	Analista	Operaciones	Por Obra	5/15/2023	3
24	PE-32-877	Alejandro Jiménez	Analista	Ventas	Indefinido	5/15/2023	2
25	PE-46-773	Verónica Cerrud	Coordinador	Operaciones	Indefinido	5/15/2023	2
53	PE-39-210	Verónica Cerrud	Supervisor	Logistica	Por Obra	5/15/2023	3
26	PE-57-681	Francisco Martínez	Operario	Operaciones	Por Obra	5/15/2023	2
54	PE-53-139	Francisco Martínez	Coordinador	Ventas	Por Obra	5/15/2023	3
27	PE-90-509	Rosa Mendoza	Supervisor	Finanzas	Indefinido	5/15/2023	2
55	PE-95-506	Rosa Mendoza	Coordinador	Ventas	Temporal	5/15/2023	3
28	PE-69-543	César De León	Analista	Operaciones	Por Obra	5/15/2023	2
56	PE-37-958	César De León	Analista	Ventas	Temporal	5/15/2023	3
29	PE-87-186	Yolanda Flores	Supervisor	Tecnologia	Temporal	5/15/2023	2
57	PE-11-554	Yolanda Flores	Operario	Ventas	Indefinido	5/15/2023	3
58	PE-15-431	Gustavo Sánchez	Operario	Finanzas	Indefinido	5/15/2023	3
60	PE-68-504	Gustavo Sánchez	Operario	Logistica	Por Obra	5/15/2023	2
32	PE-12-233	Olga Ortega	Analista	Logistica	Por Obra	5/15/2023	3
16	PE-37-866	Olga Ortega	Coordinador	Ventas	Indefinido	5/15/2023	2
59	PE-45-856	Eduardo González	Operario	Finanzas	Por Obra	5/15/2023	3
17	PE-78-783	Eduardo González	Analista	Logistica	Por Obra	5/15/2023	2
18	PE-80-132	Silvia Herrera	Gerente	Operaciones	Indefinido	5/15/2023	2
33	PE-15-286	Silvia Herrera	Gerente	Tecnologia	Por Obra	5/15/2023	3
19	PE-26-665	Héctor Castillo	Analista	Tecnologia	Temporal	5/15/2023	2
34	PE-49-896	Héctor Castillo	Supervisor	Logistica	Indefinido	5/15/2023	3
35	PE-44-212	Carmen Morales	Coordinador	Operaciones	Por Obra	5/15/2023	3
20	PE-94-582	Carmen Morales	Gerente	Operaciones	Indefinido	5/15/2023	2
36	PE-99-602	Arturo Pinto	Gerente	Tecnologia	Indefinido	5/15/2023	3
21	PE-82-384	Arturo Pinto	Operario	Finanzas	Por Obra	5/15/2023	2
37	PE-25-794	Adriana Suárez	Gerente	Operaciones	Temporal	5/15/2023	3
22	PE-79-230	Adriana Suárez	Operario	Tecnologia	Por Obra	5/15/2023	2
\.


--
-- TOC entry 5031 (class 0 OID 16404)
-- Dependencies: 224
-- Data for Name: dim_impuesto; Type: TABLE DATA; Schema: public; Owner: postgres
--

COPY public.dim_impuesto (impuesto_sk, codigo_impuesto, nombre_impuesto, periodicidad, tasa_referencia, ente_recaudador) FROM stdin;
1	ITBMS	Impuesto de Transferencia de Bienes Muebles y Servicios	Mensual	0.07	DGI
2	ISR_Juridico	Impuesto sobre la Renta Jurídica	Anual	0.25	DGI
3	CSS	Caja de Seguro Social (Cuota Obrero Patronal)	Mensual	0.22	CSS
\.


--
-- TOC entry 5029 (class 0 OID 16394)
-- Dependencies: 222
-- Data for Name: dim_tiempo; Type: TABLE DATA; Schema: public; Owner: postgres
--

COPY public.dim_tiempo (fecha, tiempo_sk, anio, trimestre, mes, nombre_mes, semana_iso, es_fin_de_mes) FROM stdin;
2024-01-01	20240101	2024	1	1	January	1	f
2024-01-02	20240102	2024	1	1	January	1	f
2024-01-03	20240103	2024	1	1	January	1	f
2024-01-04	20240104	2024	1	1	January	1	f
2024-01-05	20240105	2024	1	1	January	1	f
2024-01-06	20240106	2024	1	1	January	1	f
2024-01-07	20240107	2024	1	1	January	1	f
2024-01-08	20240108	2024	1	1	January	2	f
2024-01-09	20240109	2024	1	1	January	2	f
2024-01-10	20240110	2024	1	1	January	2	f
2024-01-11	20240111	2024	1	1	January	2	f
2024-01-12	20240112	2024	1	1	January	2	f
2024-01-13	20240113	2024	1	1	January	2	f
2024-01-14	20240114	2024	1	1	January	2	f
2024-01-15	20240115	2024	1	1	January	3	f
2024-01-16	20240116	2024	1	1	January	3	f
2024-01-17	20240117	2024	1	1	January	3	f
2024-01-18	20240118	2024	1	1	January	3	f
2024-01-19	20240119	2024	1	1	January	3	f
2024-01-20	20240120	2024	1	1	January	3	f
2024-01-21	20240121	2024	1	1	January	3	f
2024-01-22	20240122	2024	1	1	January	4	f
2024-01-23	20240123	2024	1	1	January	4	f
2024-01-24	20240124	2024	1	1	January	4	f
2024-01-25	20240125	2024	1	1	January	4	f
2024-01-26	20240126	2024	1	1	January	4	f
2024-01-27	20240127	2024	1	1	January	4	f
2024-01-28	20240128	2024	1	1	January	4	f
2024-01-29	20240129	2024	1	1	January	5	f
2024-01-30	20240130	2024	1	1	January	5	f
2024-01-31	20240131	2024	1	1	January	5	t
2024-02-01	20240201	2024	1	2	February	5	f
2024-02-02	20240202	2024	1	2	February	5	f
2024-02-03	20240203	2024	1	2	February	5	f
2024-02-04	20240204	2024	1	2	February	5	f
2024-02-05	20240205	2024	1	2	February	6	f
2024-02-06	20240206	2024	1	2	February	6	f
2024-02-07	20240207	2024	1	2	February	6	f
2024-02-08	20240208	2024	1	2	February	6	f
2024-02-09	20240209	2024	1	2	February	6	f
2024-02-10	20240210	2024	1	2	February	6	f
2024-02-11	20240211	2024	1	2	February	6	f
2024-02-12	20240212	2024	1	2	February	7	f
2024-02-13	20240213	2024	1	2	February	7	f
2024-02-14	20240214	2024	1	2	February	7	f
2024-02-15	20240215	2024	1	2	February	7	f
2024-02-16	20240216	2024	1	2	February	7	f
2024-02-17	20240217	2024	1	2	February	7	f
2024-02-18	20240218	2024	1	2	February	7	f
2024-02-19	20240219	2024	1	2	February	8	f
2024-02-20	20240220	2024	1	2	February	8	f
2024-02-21	20240221	2024	1	2	February	8	f
2024-02-22	20240222	2024	1	2	February	8	f
2024-02-23	20240223	2024	1	2	February	8	f
2024-02-24	20240224	2024	1	2	February	8	f
2024-02-25	20240225	2024	1	2	February	8	f
2024-02-26	20240226	2024	1	2	February	9	f
2024-02-27	20240227	2024	1	2	February	9	f
2024-02-28	20240228	2024	1	2	February	9	f
2024-02-29	20240229	2024	1	2	February	9	t
2024-03-01	20240301	2024	1	3	March	9	f
2024-03-02	20240302	2024	1	3	March	9	f
2024-03-03	20240303	2024	1	3	March	9	f
2024-03-04	20240304	2024	1	3	March	10	f
2024-03-05	20240305	2024	1	3	March	10	f
2024-03-06	20240306	2024	1	3	March	10	f
2024-03-07	20240307	2024	1	3	March	10	f
2024-03-08	20240308	2024	1	3	March	10	f
2024-03-09	20240309	2024	1	3	March	10	f
2024-03-10	20240310	2024	1	3	March	10	f
2024-03-11	20240311	2024	1	3	March	11	f
2024-03-12	20240312	2024	1	3	March	11	f
2024-03-13	20240313	2024	1	3	March	11	f
2024-03-14	20240314	2024	1	3	March	11	f
2024-03-15	20240315	2024	1	3	March	11	f
2024-03-16	20240316	2024	1	3	March	11	f
2024-03-17	20240317	2024	1	3	March	11	f
2024-03-18	20240318	2024	1	3	March	12	f
2024-03-19	20240319	2024	1	3	March	12	f
2024-03-20	20240320	2024	1	3	March	12	f
2024-03-21	20240321	2024	1	3	March	12	f
2024-03-22	20240322	2024	1	3	March	12	f
2024-03-23	20240323	2024	1	3	March	12	f
2024-03-24	20240324	2024	1	3	March	12	f
2024-03-25	20240325	2024	1	3	March	13	f
2024-03-26	20240326	2024	1	3	March	13	f
2024-03-27	20240327	2024	1	3	March	13	f
2024-03-28	20240328	2024	1	3	March	13	f
2024-03-29	20240329	2024	1	3	March	13	f
2024-03-30	20240330	2024	1	3	March	13	f
2024-03-31	20240331	2024	1	3	March	13	t
2024-04-01	20240401	2024	2	4	April	14	f
2024-04-02	20240402	2024	2	4	April	14	f
2024-04-03	20240403	2024	2	4	April	14	f
2024-04-04	20240404	2024	2	4	April	14	f
2024-04-05	20240405	2024	2	4	April	14	f
2024-04-06	20240406	2024	2	4	April	14	f
2024-04-07	20240407	2024	2	4	April	14	f
2024-04-08	20240408	2024	2	4	April	15	f
2024-04-09	20240409	2024	2	4	April	15	f
2024-04-10	20240410	2024	2	4	April	15	f
2024-04-11	20240411	2024	2	4	April	15	f
2024-04-12	20240412	2024	2	4	April	15	f
2024-04-13	20240413	2024	2	4	April	15	f
2024-04-14	20240414	2024	2	4	April	15	f
2024-04-15	20240415	2024	2	4	April	16	f
2024-04-16	20240416	2024	2	4	April	16	f
2024-04-17	20240417	2024	2	4	April	16	f
2024-04-18	20240418	2024	2	4	April	16	f
2024-04-19	20240419	2024	2	4	April	16	f
2024-04-20	20240420	2024	2	4	April	16	f
2024-04-21	20240421	2024	2	4	April	16	f
2024-04-22	20240422	2024	2	4	April	17	f
2024-04-23	20240423	2024	2	4	April	17	f
2024-04-24	20240424	2024	2	4	April	17	f
2024-04-25	20240425	2024	2	4	April	17	f
2024-04-26	20240426	2024	2	4	April	17	f
2024-04-27	20240427	2024	2	4	April	17	f
2024-04-28	20240428	2024	2	4	April	17	f
2024-04-29	20240429	2024	2	4	April	18	f
2024-04-30	20240430	2024	2	4	April	18	t
2024-05-01	20240501	2024	2	5	May	18	f
2024-05-02	20240502	2024	2	5	May	18	f
2024-05-03	20240503	2024	2	5	May	18	f
2024-05-04	20240504	2024	2	5	May	18	f
2024-05-05	20240505	2024	2	5	May	18	f
2024-05-06	20240506	2024	2	5	May	19	f
2024-05-07	20240507	2024	2	5	May	19	f
2024-05-08	20240508	2024	2	5	May	19	f
2024-05-09	20240509	2024	2	5	May	19	f
2024-05-10	20240510	2024	2	5	May	19	f
2024-05-11	20240511	2024	2	5	May	19	f
2024-05-12	20240512	2024	2	5	May	19	f
2024-05-13	20240513	2024	2	5	May	20	f
2024-05-14	20240514	2024	2	5	May	20	f
2024-05-15	20240515	2024	2	5	May	20	f
2024-05-16	20240516	2024	2	5	May	20	f
2024-05-17	20240517	2024	2	5	May	20	f
2024-05-18	20240518	2024	2	5	May	20	f
2024-05-19	20240519	2024	2	5	May	20	f
2024-05-20	20240520	2024	2	5	May	21	f
2024-05-21	20240521	2024	2	5	May	21	f
2024-05-22	20240522	2024	2	5	May	21	f
2024-05-23	20240523	2024	2	5	May	21	f
2024-05-24	20240524	2024	2	5	May	21	f
2024-05-25	20240525	2024	2	5	May	21	f
2024-05-26	20240526	2024	2	5	May	21	f
2024-05-27	20240527	2024	2	5	May	22	f
2024-05-28	20240528	2024	2	5	May	22	f
2024-05-29	20240529	2024	2	5	May	22	f
2024-05-30	20240530	2024	2	5	May	22	f
2024-05-31	20240531	2024	2	5	May	22	t
2024-06-01	20240601	2024	2	6	June	22	f
2024-06-02	20240602	2024	2	6	June	22	f
2024-06-03	20240603	2024	2	6	June	23	f
2024-06-04	20240604	2024	2	6	June	23	f
2024-06-05	20240605	2024	2	6	June	23	f
2024-06-06	20240606	2024	2	6	June	23	f
2024-06-07	20240607	2024	2	6	June	23	f
2024-06-08	20240608	2024	2	6	June	23	f
2024-06-09	20240609	2024	2	6	June	23	f
2024-06-10	20240610	2024	2	6	June	24	f
2024-06-11	20240611	2024	2	6	June	24	f
2024-06-12	20240612	2024	2	6	June	24	f
2024-06-13	20240613	2024	2	6	June	24	f
2024-06-14	20240614	2024	2	6	June	24	f
2024-06-15	20240615	2024	2	6	June	24	f
2024-06-16	20240616	2024	2	6	June	24	f
2024-06-17	20240617	2024	2	6	June	25	f
2024-06-18	20240618	2024	2	6	June	25	f
2024-06-19	20240619	2024	2	6	June	25	f
2024-06-20	20240620	2024	2	6	June	25	f
2024-06-21	20240621	2024	2	6	June	25	f
2024-06-22	20240622	2024	2	6	June	25	f
2024-06-23	20240623	2024	2	6	June	25	f
2024-06-24	20240624	2024	2	6	June	26	f
2024-06-25	20240625	2024	2	6	June	26	f
2024-06-26	20240626	2024	2	6	June	26	f
2024-06-27	20240627	2024	2	6	June	26	f
2024-06-28	20240628	2024	2	6	June	26	f
2024-06-29	20240629	2024	2	6	June	26	f
2024-06-30	20240630	2024	2	6	June	26	t
2024-07-01	20240701	2024	3	7	July	27	f
2024-07-02	20240702	2024	3	7	July	27	f
2024-07-03	20240703	2024	3	7	July	27	f
2024-07-04	20240704	2024	3	7	July	27	f
2024-07-05	20240705	2024	3	7	July	27	f
2024-07-06	20240706	2024	3	7	July	27	f
2024-07-07	20240707	2024	3	7	July	27	f
2024-07-08	20240708	2024	3	7	July	28	f
2024-07-09	20240709	2024	3	7	July	28	f
2024-07-10	20240710	2024	3	7	July	28	f
2024-07-11	20240711	2024	3	7	July	28	f
2024-07-12	20240712	2024	3	7	July	28	f
2024-07-13	20240713	2024	3	7	July	28	f
2024-07-14	20240714	2024	3	7	July	28	f
2024-07-15	20240715	2024	3	7	July	29	f
2024-07-16	20240716	2024	3	7	July	29	f
2024-07-17	20240717	2024	3	7	July	29	f
2024-07-18	20240718	2024	3	7	July	29	f
2024-07-19	20240719	2024	3	7	July	29	f
2024-07-20	20240720	2024	3	7	July	29	f
2024-07-21	20240721	2024	3	7	July	29	f
2024-07-22	20240722	2024	3	7	July	30	f
2024-07-23	20240723	2024	3	7	July	30	f
2024-07-24	20240724	2024	3	7	July	30	f
2024-07-25	20240725	2024	3	7	July	30	f
2024-07-26	20240726	2024	3	7	July	30	f
2024-07-27	20240727	2024	3	7	July	30	f
2024-07-28	20240728	2024	3	7	July	30	f
2024-07-29	20240729	2024	3	7	July	31	f
2024-07-30	20240730	2024	3	7	July	31	f
2024-07-31	20240731	2024	3	7	July	31	t
2024-08-01	20240801	2024	3	8	August	31	f
2024-08-02	20240802	2024	3	8	August	31	f
2024-08-03	20240803	2024	3	8	August	31	f
2024-08-04	20240804	2024	3	8	August	31	f
2024-08-05	20240805	2024	3	8	August	32	f
2024-08-06	20240806	2024	3	8	August	32	f
2024-08-07	20240807	2024	3	8	August	32	f
2024-08-08	20240808	2024	3	8	August	32	f
2024-08-09	20240809	2024	3	8	August	32	f
2024-08-10	20240810	2024	3	8	August	32	f
2024-08-11	20240811	2024	3	8	August	32	f
2024-08-12	20240812	2024	3	8	August	33	f
2024-08-13	20240813	2024	3	8	August	33	f
2024-08-14	20240814	2024	3	8	August	33	f
2024-08-15	20240815	2024	3	8	August	33	f
2024-08-16	20240816	2024	3	8	August	33	f
2024-08-17	20240817	2024	3	8	August	33	f
2024-08-18	20240818	2024	3	8	August	33	f
2024-08-19	20240819	2024	3	8	August	34	f
2024-08-20	20240820	2024	3	8	August	34	f
2024-08-21	20240821	2024	3	8	August	34	f
2024-08-22	20240822	2024	3	8	August	34	f
2024-08-23	20240823	2024	3	8	August	34	f
2024-08-24	20240824	2024	3	8	August	34	f
2024-08-25	20240825	2024	3	8	August	34	f
2024-08-26	20240826	2024	3	8	August	35	f
2024-08-27	20240827	2024	3	8	August	35	f
2024-08-28	20240828	2024	3	8	August	35	f
2024-08-29	20240829	2024	3	8	August	35	f
2024-08-30	20240830	2024	3	8	August	35	f
2024-08-31	20240831	2024	3	8	August	35	t
2024-09-01	20240901	2024	3	9	September	35	f
2024-09-02	20240902	2024	3	9	September	36	f
2024-09-03	20240903	2024	3	9	September	36	f
2024-09-04	20240904	2024	3	9	September	36	f
2024-09-05	20240905	2024	3	9	September	36	f
2024-09-06	20240906	2024	3	9	September	36	f
2024-09-07	20240907	2024	3	9	September	36	f
2024-09-08	20240908	2024	3	9	September	36	f
2024-09-09	20240909	2024	3	9	September	37	f
2024-09-10	20240910	2024	3	9	September	37	f
2024-09-11	20240911	2024	3	9	September	37	f
2024-09-12	20240912	2024	3	9	September	37	f
2024-09-13	20240913	2024	3	9	September	37	f
2024-09-14	20240914	2024	3	9	September	37	f
2024-09-15	20240915	2024	3	9	September	37	f
2024-09-16	20240916	2024	3	9	September	38	f
2024-09-17	20240917	2024	3	9	September	38	f
2024-09-18	20240918	2024	3	9	September	38	f
2024-09-19	20240919	2024	3	9	September	38	f
2024-09-20	20240920	2024	3	9	September	38	f
2024-09-21	20240921	2024	3	9	September	38	f
2024-09-22	20240922	2024	3	9	September	38	f
2024-09-23	20240923	2024	3	9	September	39	f
2024-09-24	20240924	2024	3	9	September	39	f
2024-09-25	20240925	2024	3	9	September	39	f
2024-09-26	20240926	2024	3	9	September	39	f
2024-09-27	20240927	2024	3	9	September	39	f
2024-09-28	20240928	2024	3	9	September	39	f
2024-09-29	20240929	2024	3	9	September	39	f
2024-09-30	20240930	2024	3	9	September	40	t
2024-10-01	20241001	2024	4	10	October	40	f
2024-10-02	20241002	2024	4	10	October	40	f
2024-10-03	20241003	2024	4	10	October	40	f
2024-10-04	20241004	2024	4	10	October	40	f
2024-10-05	20241005	2024	4	10	October	40	f
2024-10-06	20241006	2024	4	10	October	40	f
2024-10-07	20241007	2024	4	10	October	41	f
2024-10-08	20241008	2024	4	10	October	41	f
2024-10-09	20241009	2024	4	10	October	41	f
2024-10-10	20241010	2024	4	10	October	41	f
2024-10-11	20241011	2024	4	10	October	41	f
2024-10-12	20241012	2024	4	10	October	41	f
2024-10-13	20241013	2024	4	10	October	41	f
2024-10-14	20241014	2024	4	10	October	42	f
2024-10-15	20241015	2024	4	10	October	42	f
2024-10-16	20241016	2024	4	10	October	42	f
2024-10-17	20241017	2024	4	10	October	42	f
2024-10-18	20241018	2024	4	10	October	42	f
2024-10-19	20241019	2024	4	10	October	42	f
2024-10-20	20241020	2024	4	10	October	42	f
2024-10-21	20241021	2024	4	10	October	43	f
2024-10-22	20241022	2024	4	10	October	43	f
2024-10-23	20241023	2024	4	10	October	43	f
2024-10-24	20241024	2024	4	10	October	43	f
2024-10-25	20241025	2024	4	10	October	43	f
2024-10-26	20241026	2024	4	10	October	43	f
2024-10-27	20241027	2024	4	10	October	43	f
2024-10-28	20241028	2024	4	10	October	44	f
2024-10-29	20241029	2024	4	10	October	44	f
2024-10-30	20241030	2024	4	10	October	44	f
2024-10-31	20241031	2024	4	10	October	44	t
2024-11-01	20241101	2024	4	11	November	44	f
2024-11-02	20241102	2024	4	11	November	44	f
2024-11-03	20241103	2024	4	11	November	44	f
2024-11-04	20241104	2024	4	11	November	45	f
2024-11-05	20241105	2024	4	11	November	45	f
2024-11-06	20241106	2024	4	11	November	45	f
2024-11-07	20241107	2024	4	11	November	45	f
2024-11-08	20241108	2024	4	11	November	45	f
2024-11-09	20241109	2024	4	11	November	45	f
2024-11-10	20241110	2024	4	11	November	45	f
2024-11-11	20241111	2024	4	11	November	46	f
2024-11-12	20241112	2024	4	11	November	46	f
2024-11-13	20241113	2024	4	11	November	46	f
2024-11-14	20241114	2024	4	11	November	46	f
2024-11-15	20241115	2024	4	11	November	46	f
2024-11-16	20241116	2024	4	11	November	46	f
2024-11-17	20241117	2024	4	11	November	46	f
2024-11-18	20241118	2024	4	11	November	47	f
2024-11-19	20241119	2024	4	11	November	47	f
2024-11-20	20241120	2024	4	11	November	47	f
2024-11-21	20241121	2024	4	11	November	47	f
2024-11-22	20241122	2024	4	11	November	47	f
2024-11-23	20241123	2024	4	11	November	47	f
2024-11-24	20241124	2024	4	11	November	47	f
2024-11-25	20241125	2024	4	11	November	48	f
2024-11-26	20241126	2024	4	11	November	48	f
2024-11-27	20241127	2024	4	11	November	48	f
2024-11-28	20241128	2024	4	11	November	48	f
2024-11-29	20241129	2024	4	11	November	48	f
2024-11-30	20241130	2024	4	11	November	48	t
2024-12-01	20241201	2024	4	12	December	48	f
2024-12-02	20241202	2024	4	12	December	49	f
2024-12-03	20241203	2024	4	12	December	49	f
2024-12-04	20241204	2024	4	12	December	49	f
2024-12-05	20241205	2024	4	12	December	49	f
2024-12-06	20241206	2024	4	12	December	49	f
2024-12-07	20241207	2024	4	12	December	49	f
2024-12-08	20241208	2024	4	12	December	49	f
2024-12-09	20241209	2024	4	12	December	50	f
2024-12-10	20241210	2024	4	12	December	50	f
2024-12-11	20241211	2024	4	12	December	50	f
2024-12-12	20241212	2024	4	12	December	50	f
2024-12-13	20241213	2024	4	12	December	50	f
2024-12-14	20241214	2024	4	12	December	50	f
2024-12-15	20241215	2024	4	12	December	50	f
2024-12-16	20241216	2024	4	12	December	51	f
2024-12-17	20241217	2024	4	12	December	51	f
2024-12-18	20241218	2024	4	12	December	51	f
2024-12-19	20241219	2024	4	12	December	51	f
2024-12-20	20241220	2024	4	12	December	51	f
2024-12-21	20241221	2024	4	12	December	51	f
2024-12-22	20241222	2024	4	12	December	51	f
2024-12-23	20241223	2024	4	12	December	52	f
2024-12-24	20241224	2024	4	12	December	52	f
2024-12-25	20241225	2024	4	12	December	52	f
2024-12-26	20241226	2024	4	12	December	52	f
2024-12-27	20241227	2024	4	12	December	52	f
2024-12-28	20241228	2024	4	12	December	52	f
2024-12-29	20241229	2024	4	12	December	52	f
2024-12-30	20241230	2024	4	12	December	1	f
2024-12-31	20241231	2024	4	12	December	1	t
2025-01-01	20250101	2025	1	1	January	1	f
2025-01-02	20250102	2025	1	1	January	1	f
2025-01-03	20250103	2025	1	1	January	1	f
2025-01-04	20250104	2025	1	1	January	1	f
2025-01-05	20250105	2025	1	1	January	1	f
2025-01-06	20250106	2025	1	1	January	2	f
2025-01-07	20250107	2025	1	1	January	2	f
2025-01-08	20250108	2025	1	1	January	2	f
2025-01-09	20250109	2025	1	1	January	2	f
2025-01-10	20250110	2025	1	1	January	2	f
2025-01-11	20250111	2025	1	1	January	2	f
2025-01-12	20250112	2025	1	1	January	2	f
2025-01-13	20250113	2025	1	1	January	3	f
2025-01-14	20250114	2025	1	1	January	3	f
2025-01-15	20250115	2025	1	1	January	3	f
2025-01-16	20250116	2025	1	1	January	3	f
2025-01-17	20250117	2025	1	1	January	3	f
2025-01-18	20250118	2025	1	1	January	3	f
2025-01-19	20250119	2025	1	1	January	3	f
2025-01-20	20250120	2025	1	1	January	4	f
2025-01-21	20250121	2025	1	1	January	4	f
2025-01-22	20250122	2025	1	1	January	4	f
2025-01-23	20250123	2025	1	1	January	4	f
2025-01-24	20250124	2025	1	1	January	4	f
2025-01-25	20250125	2025	1	1	January	4	f
2025-01-26	20250126	2025	1	1	January	4	f
2025-01-27	20250127	2025	1	1	January	5	f
2025-01-28	20250128	2025	1	1	January	5	f
2025-01-29	20250129	2025	1	1	January	5	f
2025-01-30	20250130	2025	1	1	January	5	f
2025-01-31	20250131	2025	1	1	January	5	t
2025-02-01	20250201	2025	1	2	February	5	f
2025-02-02	20250202	2025	1	2	February	5	f
2025-02-03	20250203	2025	1	2	February	6	f
2025-02-04	20250204	2025	1	2	February	6	f
2025-02-05	20250205	2025	1	2	February	6	f
2025-02-06	20250206	2025	1	2	February	6	f
2025-02-07	20250207	2025	1	2	February	6	f
2025-02-08	20250208	2025	1	2	February	6	f
2025-02-09	20250209	2025	1	2	February	6	f
2025-02-10	20250210	2025	1	2	February	7	f
2025-02-11	20250211	2025	1	2	February	7	f
2025-02-12	20250212	2025	1	2	February	7	f
2025-02-13	20250213	2025	1	2	February	7	f
2025-02-14	20250214	2025	1	2	February	7	f
2025-02-15	20250215	2025	1	2	February	7	f
2025-02-16	20250216	2025	1	2	February	7	f
2025-02-17	20250217	2025	1	2	February	8	f
2025-02-18	20250218	2025	1	2	February	8	f
2025-02-19	20250219	2025	1	2	February	8	f
2025-02-20	20250220	2025	1	2	February	8	f
2025-02-21	20250221	2025	1	2	February	8	f
2025-02-22	20250222	2025	1	2	February	8	f
2025-02-23	20250223	2025	1	2	February	8	f
2025-02-24	20250224	2025	1	2	February	9	f
2025-02-25	20250225	2025	1	2	February	9	f
2025-02-26	20250226	2025	1	2	February	9	f
2025-02-27	20250227	2025	1	2	February	9	f
2025-02-28	20250228	2025	1	2	February	9	t
2025-03-01	20250301	2025	1	3	March	9	f
2025-03-02	20250302	2025	1	3	March	9	f
2025-03-03	20250303	2025	1	3	March	10	f
2025-03-04	20250304	2025	1	3	March	10	f
2025-03-05	20250305	2025	1	3	March	10	f
2025-03-06	20250306	2025	1	3	March	10	f
2025-03-07	20250307	2025	1	3	March	10	f
2025-03-08	20250308	2025	1	3	March	10	f
2025-03-09	20250309	2025	1	3	March	10	f
2025-03-10	20250310	2025	1	3	March	11	f
2025-03-11	20250311	2025	1	3	March	11	f
2025-03-12	20250312	2025	1	3	March	11	f
2025-03-13	20250313	2025	1	3	March	11	f
2025-03-14	20250314	2025	1	3	March	11	f
2025-03-15	20250315	2025	1	3	March	11	f
2025-03-16	20250316	2025	1	3	March	11	f
2025-03-17	20250317	2025	1	3	March	12	f
2025-03-18	20250318	2025	1	3	March	12	f
2025-03-19	20250319	2025	1	3	March	12	f
2025-03-20	20250320	2025	1	3	March	12	f
2025-03-21	20250321	2025	1	3	March	12	f
2025-03-22	20250322	2025	1	3	March	12	f
2025-03-23	20250323	2025	1	3	March	12	f
2025-03-24	20250324	2025	1	3	March	13	f
2025-03-25	20250325	2025	1	3	March	13	f
2025-03-26	20250326	2025	1	3	March	13	f
2025-03-27	20250327	2025	1	3	March	13	f
2025-03-28	20250328	2025	1	3	March	13	f
2025-03-29	20250329	2025	1	3	March	13	f
2025-03-30	20250330	2025	1	3	March	13	f
2025-03-31	20250331	2025	1	3	March	14	t
2025-04-01	20250401	2025	2	4	April	14	f
2025-04-02	20250402	2025	2	4	April	14	f
2025-04-03	20250403	2025	2	4	April	14	f
2025-04-04	20250404	2025	2	4	April	14	f
2025-04-05	20250405	2025	2	4	April	14	f
2025-04-06	20250406	2025	2	4	April	14	f
2025-04-07	20250407	2025	2	4	April	15	f
2025-04-08	20250408	2025	2	4	April	15	f
2025-04-09	20250409	2025	2	4	April	15	f
2025-04-10	20250410	2025	2	4	April	15	f
2025-04-11	20250411	2025	2	4	April	15	f
2025-04-12	20250412	2025	2	4	April	15	f
2025-04-13	20250413	2025	2	4	April	15	f
2025-04-14	20250414	2025	2	4	April	16	f
2025-04-15	20250415	2025	2	4	April	16	f
2025-04-16	20250416	2025	2	4	April	16	f
2025-04-17	20250417	2025	2	4	April	16	f
2025-04-18	20250418	2025	2	4	April	16	f
2025-04-19	20250419	2025	2	4	April	16	f
2025-04-20	20250420	2025	2	4	April	16	f
2025-04-21	20250421	2025	2	4	April	17	f
2025-04-22	20250422	2025	2	4	April	17	f
2025-04-23	20250423	2025	2	4	April	17	f
2025-04-24	20250424	2025	2	4	April	17	f
2025-04-25	20250425	2025	2	4	April	17	f
2025-04-26	20250426	2025	2	4	April	17	f
2025-04-27	20250427	2025	2	4	April	17	f
2025-04-28	20250428	2025	2	4	April	18	f
2025-04-29	20250429	2025	2	4	April	18	f
2025-04-30	20250430	2025	2	4	April	18	t
2025-05-01	20250501	2025	2	5	May	18	f
2025-05-02	20250502	2025	2	5	May	18	f
2025-05-03	20250503	2025	2	5	May	18	f
2025-05-04	20250504	2025	2	5	May	18	f
2025-05-05	20250505	2025	2	5	May	19	f
2025-05-06	20250506	2025	2	5	May	19	f
2025-05-07	20250507	2025	2	5	May	19	f
2025-05-08	20250508	2025	2	5	May	19	f
2025-05-09	20250509	2025	2	5	May	19	f
2025-05-10	20250510	2025	2	5	May	19	f
2025-05-11	20250511	2025	2	5	May	19	f
2025-05-12	20250512	2025	2	5	May	20	f
2025-05-13	20250513	2025	2	5	May	20	f
2025-05-14	20250514	2025	2	5	May	20	f
2025-05-15	20250515	2025	2	5	May	20	f
2025-05-16	20250516	2025	2	5	May	20	f
2025-05-17	20250517	2025	2	5	May	20	f
2025-05-18	20250518	2025	2	5	May	20	f
2025-05-19	20250519	2025	2	5	May	21	f
2025-05-20	20250520	2025	2	5	May	21	f
2025-05-21	20250521	2025	2	5	May	21	f
2025-05-22	20250522	2025	2	5	May	21	f
2025-05-23	20250523	2025	2	5	May	21	f
2025-05-24	20250524	2025	2	5	May	21	f
2025-05-25	20250525	2025	2	5	May	21	f
2025-05-26	20250526	2025	2	5	May	22	f
2025-05-27	20250527	2025	2	5	May	22	f
2025-05-28	20250528	2025	2	5	May	22	f
2025-05-29	20250529	2025	2	5	May	22	f
2025-05-30	20250530	2025	2	5	May	22	f
2025-05-31	20250531	2025	2	5	May	22	t
2025-06-01	20250601	2025	2	6	June	22	f
2025-06-02	20250602	2025	2	6	June	23	f
2025-06-03	20250603	2025	2	6	June	23	f
2025-06-04	20250604	2025	2	6	June	23	f
2025-06-05	20250605	2025	2	6	June	23	f
2025-06-06	20250606	2025	2	6	June	23	f
2025-06-07	20250607	2025	2	6	June	23	f
2025-06-08	20250608	2025	2	6	June	23	f
2025-06-09	20250609	2025	2	6	June	24	f
2025-06-10	20250610	2025	2	6	June	24	f
2025-06-11	20250611	2025	2	6	June	24	f
2025-06-12	20250612	2025	2	6	June	24	f
2025-06-13	20250613	2025	2	6	June	24	f
2025-06-14	20250614	2025	2	6	June	24	f
2025-06-15	20250615	2025	2	6	June	24	f
2025-06-16	20250616	2025	2	6	June	25	f
2025-06-17	20250617	2025	2	6	June	25	f
2025-06-18	20250618	2025	2	6	June	25	f
2025-06-19	20250619	2025	2	6	June	25	f
2025-06-20	20250620	2025	2	6	June	25	f
2025-06-21	20250621	2025	2	6	June	25	f
2025-06-22	20250622	2025	2	6	June	25	f
2025-06-23	20250623	2025	2	6	June	26	f
2025-06-24	20250624	2025	2	6	June	26	f
2025-06-25	20250625	2025	2	6	June	26	f
2025-06-26	20250626	2025	2	6	June	26	f
2025-06-27	20250627	2025	2	6	June	26	f
2025-06-28	20250628	2025	2	6	June	26	f
2025-06-29	20250629	2025	2	6	June	26	f
2025-06-30	20250630	2025	2	6	June	27	t
2025-07-01	20250701	2025	3	7	July	27	f
2025-07-02	20250702	2025	3	7	July	27	f
2025-07-03	20250703	2025	3	7	July	27	f
2025-07-04	20250704	2025	3	7	July	27	f
2025-07-05	20250705	2025	3	7	July	27	f
2025-07-06	20250706	2025	3	7	July	27	f
2025-07-07	20250707	2025	3	7	July	28	f
2025-07-08	20250708	2025	3	7	July	28	f
2025-07-09	20250709	2025	3	7	July	28	f
2025-07-10	20250710	2025	3	7	July	28	f
2025-07-11	20250711	2025	3	7	July	28	f
2025-07-12	20250712	2025	3	7	July	28	f
2025-07-13	20250713	2025	3	7	July	28	f
2025-07-14	20250714	2025	3	7	July	29	f
2025-07-15	20250715	2025	3	7	July	29	f
2025-07-16	20250716	2025	3	7	July	29	f
2025-07-17	20250717	2025	3	7	July	29	f
2025-07-18	20250718	2025	3	7	July	29	f
2025-07-19	20250719	2025	3	7	July	29	f
2025-07-20	20250720	2025	3	7	July	29	f
2025-07-21	20250721	2025	3	7	July	30	f
2025-07-22	20250722	2025	3	7	July	30	f
2025-07-23	20250723	2025	3	7	July	30	f
2025-07-24	20250724	2025	3	7	July	30	f
2025-07-25	20250725	2025	3	7	July	30	f
2025-07-26	20250726	2025	3	7	July	30	f
2025-07-27	20250727	2025	3	7	July	30	f
2025-07-28	20250728	2025	3	7	July	31	f
2025-07-29	20250729	2025	3	7	July	31	f
2025-07-30	20250730	2025	3	7	July	31	f
2025-07-31	20250731	2025	3	7	July	31	t
2025-08-01	20250801	2025	3	8	August	31	f
2025-08-02	20250802	2025	3	8	August	31	f
2025-08-03	20250803	2025	3	8	August	31	f
2025-08-04	20250804	2025	3	8	August	32	f
2025-08-05	20250805	2025	3	8	August	32	f
2025-08-06	20250806	2025	3	8	August	32	f
2025-08-07	20250807	2025	3	8	August	32	f
2025-08-08	20250808	2025	3	8	August	32	f
2025-08-09	20250809	2025	3	8	August	32	f
2025-08-10	20250810	2025	3	8	August	32	f
2025-08-11	20250811	2025	3	8	August	33	f
2025-08-12	20250812	2025	3	8	August	33	f
2025-08-13	20250813	2025	3	8	August	33	f
2025-08-14	20250814	2025	3	8	August	33	f
2025-08-15	20250815	2025	3	8	August	33	f
2025-08-16	20250816	2025	3	8	August	33	f
2025-08-17	20250817	2025	3	8	August	33	f
2025-08-18	20250818	2025	3	8	August	34	f
2025-08-19	20250819	2025	3	8	August	34	f
2025-08-20	20250820	2025	3	8	August	34	f
2025-08-21	20250821	2025	3	8	August	34	f
2025-08-22	20250822	2025	3	8	August	34	f
2025-08-23	20250823	2025	3	8	August	34	f
2025-08-24	20250824	2025	3	8	August	34	f
2025-08-25	20250825	2025	3	8	August	35	f
2025-08-26	20250826	2025	3	8	August	35	f
2025-08-27	20250827	2025	3	8	August	35	f
2025-08-28	20250828	2025	3	8	August	35	f
2025-08-29	20250829	2025	3	8	August	35	f
2025-08-30	20250830	2025	3	8	August	35	f
2025-08-31	20250831	2025	3	8	August	35	t
2025-09-01	20250901	2025	3	9	September	36	f
2025-09-02	20250902	2025	3	9	September	36	f
2025-09-03	20250903	2025	3	9	September	36	f
2025-09-04	20250904	2025	3	9	September	36	f
2025-09-05	20250905	2025	3	9	September	36	f
2025-09-06	20250906	2025	3	9	September	36	f
2025-09-07	20250907	2025	3	9	September	36	f
2025-09-08	20250908	2025	3	9	September	37	f
2025-09-09	20250909	2025	3	9	September	37	f
2025-09-10	20250910	2025	3	9	September	37	f
2025-09-11	20250911	2025	3	9	September	37	f
2025-09-12	20250912	2025	3	9	September	37	f
2025-09-13	20250913	2025	3	9	September	37	f
2025-09-14	20250914	2025	3	9	September	37	f
2025-09-15	20250915	2025	3	9	September	38	f
2025-09-16	20250916	2025	3	9	September	38	f
2025-09-17	20250917	2025	3	9	September	38	f
2025-09-18	20250918	2025	3	9	September	38	f
2025-09-19	20250919	2025	3	9	September	38	f
2025-09-20	20250920	2025	3	9	September	38	f
2025-09-21	20250921	2025	3	9	September	38	f
2025-09-22	20250922	2025	3	9	September	39	f
2025-09-23	20250923	2025	3	9	September	39	f
2025-09-24	20250924	2025	3	9	September	39	f
2025-09-25	20250925	2025	3	9	September	39	f
2025-09-26	20250926	2025	3	9	September	39	f
2025-09-27	20250927	2025	3	9	September	39	f
2025-09-28	20250928	2025	3	9	September	39	f
2025-09-29	20250929	2025	3	9	September	40	f
2025-09-30	20250930	2025	3	9	September	40	t
2025-10-01	20251001	2025	4	10	October	40	f
2025-10-02	20251002	2025	4	10	October	40	f
2025-10-03	20251003	2025	4	10	October	40	f
2025-10-04	20251004	2025	4	10	October	40	f
2025-10-05	20251005	2025	4	10	October	40	f
2025-10-06	20251006	2025	4	10	October	41	f
2025-10-07	20251007	2025	4	10	October	41	f
2025-10-08	20251008	2025	4	10	October	41	f
2025-10-09	20251009	2025	4	10	October	41	f
2025-10-10	20251010	2025	4	10	October	41	f
2025-10-11	20251011	2025	4	10	October	41	f
2025-10-12	20251012	2025	4	10	October	41	f
2025-10-13	20251013	2025	4	10	October	42	f
2025-10-14	20251014	2025	4	10	October	42	f
2025-10-15	20251015	2025	4	10	October	42	f
2025-10-16	20251016	2025	4	10	October	42	f
2025-10-17	20251017	2025	4	10	October	42	f
2025-10-18	20251018	2025	4	10	October	42	f
2025-10-19	20251019	2025	4	10	October	42	f
2025-10-20	20251020	2025	4	10	October	43	f
2025-10-21	20251021	2025	4	10	October	43	f
2025-10-22	20251022	2025	4	10	October	43	f
2025-10-23	20251023	2025	4	10	October	43	f
2025-10-24	20251024	2025	4	10	October	43	f
2025-10-25	20251025	2025	4	10	October	43	f
2025-10-26	20251026	2025	4	10	October	43	f
2025-10-27	20251027	2025	4	10	October	44	f
2025-10-28	20251028	2025	4	10	October	44	f
2025-10-29	20251029	2025	4	10	October	44	f
2025-10-30	20251030	2025	4	10	October	44	f
2025-10-31	20251031	2025	4	10	October	44	t
2025-11-01	20251101	2025	4	11	November	44	f
2025-11-02	20251102	2025	4	11	November	44	f
2025-11-03	20251103	2025	4	11	November	45	f
2025-11-04	20251104	2025	4	11	November	45	f
2025-11-05	20251105	2025	4	11	November	45	f
2025-11-06	20251106	2025	4	11	November	45	f
2025-11-07	20251107	2025	4	11	November	45	f
2025-11-08	20251108	2025	4	11	November	45	f
2025-11-09	20251109	2025	4	11	November	45	f
2025-11-10	20251110	2025	4	11	November	46	f
2025-11-11	20251111	2025	4	11	November	46	f
2025-11-12	20251112	2025	4	11	November	46	f
2025-11-13	20251113	2025	4	11	November	46	f
2025-11-14	20251114	2025	4	11	November	46	f
2025-11-15	20251115	2025	4	11	November	46	f
2025-11-16	20251116	2025	4	11	November	46	f
2025-11-17	20251117	2025	4	11	November	47	f
2025-11-18	20251118	2025	4	11	November	47	f
2025-11-19	20251119	2025	4	11	November	47	f
2025-11-20	20251120	2025	4	11	November	47	f
2025-11-21	20251121	2025	4	11	November	47	f
2025-11-22	20251122	2025	4	11	November	47	f
2025-11-23	20251123	2025	4	11	November	47	f
2025-11-24	20251124	2025	4	11	November	48	f
2025-11-25	20251125	2025	4	11	November	48	f
2025-11-26	20251126	2025	4	11	November	48	f
2025-11-27	20251127	2025	4	11	November	48	f
2025-11-28	20251128	2025	4	11	November	48	f
2025-11-29	20251129	2025	4	11	November	48	f
2025-11-30	20251130	2025	4	11	November	48	t
2025-12-01	20251201	2025	4	12	December	49	f
2025-12-02	20251202	2025	4	12	December	49	f
2025-12-03	20251203	2025	4	12	December	49	f
2025-12-04	20251204	2025	4	12	December	49	f
2025-12-05	20251205	2025	4	12	December	49	f
2025-12-06	20251206	2025	4	12	December	49	f
2025-12-07	20251207	2025	4	12	December	49	f
2025-12-08	20251208	2025	4	12	December	50	f
2025-12-09	20251209	2025	4	12	December	50	f
2025-12-10	20251210	2025	4	12	December	50	f
2025-12-11	20251211	2025	4	12	December	50	f
2025-12-12	20251212	2025	4	12	December	50	f
2025-12-13	20251213	2025	4	12	December	50	f
2025-12-14	20251214	2025	4	12	December	50	f
2025-12-15	20251215	2025	4	12	December	51	f
2025-12-16	20251216	2025	4	12	December	51	f
2025-12-17	20251217	2025	4	12	December	51	f
2025-12-18	20251218	2025	4	12	December	51	f
2025-12-19	20251219	2025	4	12	December	51	f
2025-12-20	20251220	2025	4	12	December	51	f
2025-12-21	20251221	2025	4	12	December	51	f
2025-12-22	20251222	2025	4	12	December	52	f
2025-12-23	20251223	2025	4	12	December	52	f
2025-12-24	20251224	2025	4	12	December	52	f
2025-12-25	20251225	2025	4	12	December	52	f
2025-12-26	20251226	2025	4	12	December	52	f
2025-12-27	20251227	2025	4	12	December	52	f
2025-12-28	20251228	2025	4	12	December	52	f
2025-12-29	20251229	2025	4	12	December	1	f
2025-12-30	20251230	2025	4	12	December	1	f
2025-12-31	20251231	2025	4	12	December	1	t
\.


--
-- TOC entry 5032 (class 0 OID 16409)
-- Dependencies: 225
-- Data for Name: fact_financiero; Type: TABLE DATA; Schema: public; Owner: postgres
--

COPY public.fact_financiero (financiero_sk, cliente_sk, tiempo_sk, activo_corriente, pasivo_corriente, inventarios, deuda_total, patrimonio_neto, ingresos_totales, utilidad_neta, utilidad_operativa, depreciacion) FROM stdin;
1	1	20240101	120000	80000	30000	112000	128000	309197	26015.08	33819.61	6183.94
2	2	20240101	93172	67389	23293	94344.6	91999.4	189926	12308.52	16001.08	3798.52
3	1	20240401	132000	84500	33000	118300	145700	323436	35820.56	46566.73	6468.72
4	2	\N	99231	63013	24807.75	88218.2	110243.8	202488	10910.15	14183.2	4049.76
5	3	20240401	73000	83950	18250	117530	28470	289029	19979.94	25973.93	5780.58
6	3	20240501	74000	85100	18500	119140	28860	290476	18935.23	24615.8	5809.52
7	2	20240601	93809	65220	23452.25	91308	96310	196286	16332.47	21232.21	3925.72
8	3	\N	75000	86250	18750	120750	29250	303307	28881.42	37545.84	6066.14
9	1	20240701	144000	89000	36000	124600	163400	322041	37447.01	48681.11	6440.82
10	2	20240701	98999	66421	24749.75	92989.4	105008.6	110000	-13763	-17891.9	2200
11	1	20240801	148000	90500	37000	126700	169300	343015	32679.36	42483.16	6860.3
12	2	20240801	91521	65180	22880.25	91252	91790	110000	-6257	-8134.1	2200
13	1	20240901	152000	92000	38000	128800	175200	349666	39581.68	51456.18	6993.32
14	1	20241001	156000	93500	39000	130900	181100	347055	39179.27	50933.05	6941.1
15	2	\N	90041	66682	22510.25	93354.8	86727.2	201570	18002.17	23402.82	4031.4
16	2	20241101	97421	64618	24355.25	90465.2	104376.8	211887	17558.29	22825.78	4237.74
17	3	20241101	150000	105000	37500	147000	153000	535236	49370.85	64182.11	10704.72
18	1	20241201	164000	96500	41000	135100	192900	355115	31256.71	40633.72	7102.3
19	2	20241201	99428	62843	24857	87980.2	110875.8	191816	17192.81	22350.66	3836.32
20	3	20241201	152000	105500	38000	147700	156300	549638	42731.02	55550.33	10992.76
21	1	20250101	168000	98000	42000	137200	198800	364366	36664.6	47663.98	7287.32
22	2	\N	99348	67669	24837	94736.6	103959.4	209701	17414.8	22639.24	4194.02
23	3	20250201	156000	106500	39000	149100	162900	297978	22762.47	29591.22	5959.56
24	1	20250301	176000	101000	44000	141400	210600	374740	35308.54	45901.1	7494.8
25	2	20250401	93059	66493	23264.75	93090.2	93027.8	185110	12534.4	16294.72	3702.2
26	1	20250501	184000	104000	46000	145600	222400	375526	38572.25	50143.92	7510.52
27	2	20250501	99947	67264	24986.75	94169.6	105724.4	212310	12536.39	16297.31	4246.2
28	3	20250601	164000	108500	41000	151900	176100	299993	20095.98	26124.77	5999.86
29	2	20250701	90647	67538	22661.75	94553.2	86740.8	209982	13233.59	17203.67	4199.64
30	3	20250701	166000	109000	41500	152600	179400	303167	19595.96	25474.75	6063.34
31	2	20250801	93953	64680	23488.25	90552	97354	201232	14821.51	19267.96	4024.64
32	3	20250801	168000	109500	42000	153300	182700	290537	25763.75	33492.87	5810.74
33	2	20250901	90722	67137	22680.5	93991.8	87452.2	202088	16617.09	21602.21	4041.76
34	3	20251001	172000	110500	43000	154700	189300	544937	54085.1	70310.63	10898.74
35	1	20251101	208000	113000	52000	158200	257800	419339	34042.51	44255.26	8386.78
36	2	20251101	98693	62418	24673.25	87385.2	110000.8	206869	13286.71	17272.72	4137.38
37	3	20251101	174000	111000	43500	155400	192600	546308	48468.14	63008.58	10926.16
\.


--
-- TOC entry 5033 (class 0 OID 16412)
-- Dependencies: 226
-- Data for Name: fact_nomina; Type: TABLE DATA; Schema: public; Owner: postgres
--

COPY public.fact_nomina (nomina_sk, cliente_sk, empleado_sk, tiempo_sk, salario_bruto, deducciones_css, patronal_css, impuesto_renta_retenido, salario_neto, estado_empleado) FROM stdin;
1	1	1	20240101	2345.12	228.65	287.28	117.26	1999.22	Activo
2	1	2	20240101	1348.25	131.45	165.16	67.41	1149.39	Activo
3	1	3	20240101	2604.53	253.94	319.06	130.23	2220.36	Activo
4	1	4	20240101	2597.98	253.3	318.25	129.9	2214.78	Activo
5	1	5	20240101	3090.35	301.31	378.57	154.52	2634.52	Activo
6	1	6	20240101	3095.8	301.84	379.24	154.79	2639.17	Activo
7	1	7	20240101	2313.14	225.53	283.36	115.66	1971.95	Activo
8	1	8	20240101	1749.33	170.56	214.29	87.47	1491.3	Activo
9	1	9	20240101	2139.22	208.57	262.05	106.96	1823.68	Activo
10	1	10	20240101	1851.56	180.53	226.82	92.58	1578.46	Activo
11	1	11	20240101	3309.64	322.69	405.43	165.48	2821.47	Activo
12	1	12	20240101	3125.38	304.72	382.86	156.27	2664.39	Activo
13	1	13	20240101	2007.84	195.76	245.96	100.39	1711.68	Activo
14	1	14	20240101	1925.35	187.72	235.86	96.27	1641.36	Activo
15	2	15	20240101	1658.58	161.71	203.18	82.93	1413.94	Activo
16	2	16	20240101	3101.41	302.39	379.92	155.07	2643.95	Activo
17	2	17	20240101	3013.85	293.85	369.2	150.69	2569.31	Activo
18	2	18	20240101	3284.25	320.21	402.32	164.21	2799.82	Activo
19	2	19	20240101	2679.25	261.23	328.21	133.96	2284.06	Activo
20	2	20	20240101	1529.89	149.16	187.41	76.49	1304.23	Activo
21	2	21	20240101	2156.53	210.26	264.18	107.83	1838.44	Activo
22	2	22	20240101	1378.36	134.39	168.85	68.92	1175.05	Activo
23	2	23	20240101	2495.13	243.27	305.65	124.76	2127.09	Activo
24	2	24	20240101	1862.57	181.6	228.17	93.13	1587.84	Activo
25	2	25	20240101	3266.39	318.47	400.13	163.32	2784.6	Activo
26	2	26	20240101	1279.85	124.79	156.78	63.99	1091.07	Activo
27	2	27	20240101	938.04	91.46	114.91	0	846.58	Activo
28	2	28	20240101	3415.38	333	418.38	170.77	2911.61	Activo
29	2	29	20240101	1283.24	125.12	157.2	64.16	1093.96	Activo
30	3	30	20240101	1229.82	119.91	150.65	61.49	1048.42	Activo
31	3	31	20240101	2839.48	276.85	347.84	141.97	2420.66	Activo
32	3	32	20240101	1774.19	172.98	217.34	88.71	1512.5	Activo
33	3	33	20240101	1216.52	118.61	149.02	60.83	1037.09	Activo
34	3	34	20240101	2007.65	195.75	245.94	100.38	1711.52	Activo
35	3	35	20240101	3006.82	293.16	368.34	150.34	2563.31	Activo
36	3	36	20240101	3054.59	297.82	374.19	152.73	2604.04	Activo
37	3	37	20240101	3311.13	322.83	405.61	165.56	2822.74	Activo
38	3	38	20240101	1236.35	120.54	151.45	61.82	1053.98	Activo
39	3	39	20240101	1570.35	153.11	192.37	78.52	1338.72	Activo
40	3	40	20240101	3192.69	311.29	391.1	159.63	2721.77	Activo
41	3	41	20240101	3086.41	300.93	378.09	154.32	2631.17	Activo
42	3	42	20240101	1341.97	130.84	164.39	67.1	1144.03	Activo
43	3	43	20240101	3346.67	326.3	409.97	167.33	2853.04	Activo
44	3	44	20240101	1289.69	125.74	157.99	64.48	1099.46	Activo
45	3	45	20240101	2429.92	236.92	297.66	121.5	2071.5	Activo
46	3	46	20240101	1280.85	124.88	156.9	64.04	1091.92	Activo
47	3	47	20240101	1913.67	186.58	234.42	95.68	1631.4	Activo
48	3	48	20240101	1283.69	125.16	157.25	64.18	1094.35	Activo
49	3	49	20240101	3374.55	329.02	413.38	168.73	2876.81	Activo
50	3	50	20240101	2383.54	232.4	291.98	119.18	2031.97	Activo
51	3	51	20240101	2767.38	269.82	339	138.37	2359.19	Activo
52	3	52	20240101	1601.24	156.12	196.15	80.06	1365.06	Activo
53	3	53	20240101	2017.42	196.7	247.13	100.87	1719.85	Activo
54	3	54	20240101	1618.32	157.79	198.24	80.92	1379.61	Activo
55	3	55	20240101	1284.03	125.19	157.29	64.2	1094.64	Activo
56	3	56	20240101	1632.2	159.14	199.94	81.61	1391.45	Activo
57	3	57	20240101	2471.33	240.95	302.74	123.57	2106.81	Activo
58	3	58	20240101	1154.63	112.58	141.44	57.73	984.33	Activo
59	3	59	20240101	1940.07	189.16	237.66	97	1653.91	Activo
60	1	1	20240201	851.01	82.97	104.25	0	768.04	Activo
61	1	2	20240201	1363.91	132.98	167.08	68.2	1162.73	Activo
62	1	3	20240201	2565.51	250.14	314.27	128.28	2187.09	Activo
63	1	4	20240201	2694.15	262.68	330.03	134.71	2296.76	Activo
64	1	6	20240201	2387.69	232.8	292.49	119.38	2035.5	Activo
65	1	7	20240201	2523.61	246.05	309.14	126.18	2151.38	Activo
66	1	8	20240201	2025.37	197.47	248.11	101.27	1726.63	Activo
67	1	9	20240201	993.81	96.9	121.74	0	896.91	Activo
68	1	10	20240201	1418.31	138.29	173.74	70.92	1209.11	Activo
69	1	11	20240201	3232.72	315.19	396.01	161.64	2755.89	Activo
70	1	12	20240201	3220.79	314.03	394.55	161.04	2745.72	Activo
71	1	13	20240201	2232.8	217.7	273.52	111.64	1903.46	Activo
72	1	14	20240201	1585.91	154.63	194.27	79.3	1351.99	Activo
73	2	15	20240201	1447.11	141.09	177.27	72.36	1233.66	Activo
74	2	16	20240201	2057.67	200.62	252.06	102.88	1754.16	Activo
75	2	17	20240201	3218.93	313.85	394.32	160.95	2744.14	Activo
76	2	19	20240201	2736.86	266.84	335.26	136.84	2333.17	Activo
77	2	20	20240201	2103.43	205.08	257.67	105.17	1793.17	Activo
78	2	21	20240201	2245.67	218.95	275.09	112.28	1914.43	Activo
79	2	22	20240201	1371.73	133.74	168.04	68.59	1169.4	Activo
80	2	23	20240201	966.23	94.21	118.36	0	872.02	Activo
81	2	24	20240201	1877.34	183.04	229.97	93.87	1600.43	Activo
82	2	25	20240201	2997.42	292.25	367.18	149.87	2555.3	Activo
83	2	26	20240201	3163.93	308.48	387.58	158.2	2697.25	Activo
84	2	27	20240201	3041.24	296.52	372.55	152.06	2592.66	Activo
85	2	28	20240201	1682.16	164.01	206.06	84.11	1434.04	Activo
86	2	29	20240201	2494.47	243.21	305.57	124.72	2126.53	Activo
87	2	60	20240201	2118.37	206.54	259.5	105.92	1805.91	Activo
88	3	30	20240201	1046.54	102.04	128.2	0	944.5	Activo
89	3	31	20240201	1343.66	131.01	164.6	67.18	1145.47	Activo
90	3	32	20240201	1585.98	154.63	194.28	79.3	1352.05	Activo
91	3	33	20240201	2557.35	249.34	313.28	127.87	2180.14	Activo
92	3	34	20240201	942.15	91.86	115.41	0	850.29	Activo
93	3	35	20240201	879.56	85.76	107.75	0	793.81	Activo
94	3	36	20240201	1271.7	123.99	155.78	63.59	1084.13	Activo
95	3	37	20240201	1480.45	144.34	181.36	74.02	1262.08	Activo
96	3	38	20240201	3037.18	296.12	372.05	151.86	2589.19	Activo
97	3	39	20240201	3464.33	337.77	424.38	173.22	2953.34	Activo
98	3	41	20240201	1155.1	112.62	141.5	57.75	984.72	Activo
99	3	42	20240201	3034.92	295.91	371.78	151.75	2587.27	Activo
100	3	43	20240201	2371.11	231.18	290.46	118.56	2021.37	Activo
101	3	44	20240201	2251.35	219.51	275.79	112.57	1919.28	Activo
102	3	45	20240201	1542.72	150.42	188.98	77.14	1315.17	Activo
103	3	46	20240201	1708.81	166.61	209.33	85.44	1456.76	Activo
104	3	47	20240201	1675.1	163.32	205.2	83.76	1428.02	Activo
105	3	48	20240201	2796.82	272.69	342.61	139.84	2384.29	Activo
106	3	49	20240201	1681.89	163.98	206.03	84.09	1433.81	Activo
107	3	50	20240201	3059.07	298.26	374.74	152.95	2607.86	Activo
108	3	51	20240201	1176.3	114.69	144.1	58.82	1002.8	Activo
109	3	52	20240201	2988	291.33	366.03	149.4	2547.27	Activo
110	3	53	20240201	1589.54	154.98	194.72	79.48	1355.09	Activo
111	3	54	20240201	1891.07	184.38	231.66	94.55	1612.14	Activo
112	3	55	20240201	1743.18	169.96	213.54	87.16	1486.06	Activo
113	3	56	20240201	2330.34	227.21	285.47	116.52	1986.61	Activo
114	3	57	20240201	2352.88	229.41	288.23	117.64	2005.83	Activo
115	3	58	20240201	983.95	95.94	120.53	0	888.02	Activo
116	3	59	20240201	1108.07	108.04	135.74	55.4	944.63	Activo
117	1	1	20240301	1557.04	151.81	190.74	77.85	1327.37	Activo
118	1	2	20240301	1991.43	194.16	243.95	99.57	1697.7	Activo
119	1	3	20240301	1729.9	168.67	211.91	86.5	1474.74	Activo
120	1	5	20240301	2510.37	244.76	307.52	125.52	2140.09	Activo
121	1	6	20240301	3338.12	325.47	408.92	166.91	2845.75	Activo
122	1	7	20240301	2687.57	262.04	329.23	134.38	2291.15	Activo
123	1	8	20240301	2701.25	263.37	330.9	135.06	2302.81	Activo
124	1	9	20240301	2223.69	216.81	272.4	111.18	1895.69	Activo
125	1	10	20240301	3041.42	296.54	372.57	152.07	2592.81	Activo
126	1	11	20240301	1850.59	180.43	226.7	92.53	1577.63	Activo
127	1	13	20240301	2541.99	247.84	311.39	127.1	2167.04	Activo
128	1	14	20240301	1664.1	162.25	203.85	83.21	1418.65	Activo
129	2	15	20240301	1212.55	118.22	148.54	60.63	1033.7	Activo
130	2	16	20240301	2496.77	243.44	305.85	124.84	2128.5	Activo
131	2	17	20240301	3316.31	323.34	406.25	165.82	2827.16	Activo
132	2	18	20240301	3113.29	303.55	381.38	155.66	2654.08	Activo
133	2	19	20240301	2660.59	259.41	325.92	133.03	2268.16	Activo
134	2	20	20240301	3201.67	312.16	392.21	160.08	2729.43	Activo
135	2	21	20240301	1866.23	181.96	228.61	93.31	1590.96	Activo
136	2	22	20240301	3246.45	316.53	397.69	162.32	2767.6	Activo
137	2	23	20240301	898.48	87.6	110.06	0	810.88	Activo
138	2	24	20240301	1594.89	155.5	195.37	79.74	1359.64	Activo
139	2	25	20240301	1064.81	103.82	130.44	0	960.99	Activo
140	2	26	20240301	2531.82	246.85	310.15	126.59	2158.38	Activo
141	2	27	20240301	2888.08	281.59	353.79	144.4	2462.09	Activo
142	2	28	20240301	915.41	89.25	112.14	0	826.15	Activo
143	2	29	20240301	1073.57	104.67	131.51	0	968.89	Activo
144	2	60	20240301	2961.85	288.78	362.83	148.09	2524.97	Activo
145	3	30	20240301	1079.81	105.28	132.28	0	974.53	Activo
146	3	31	20240301	3420.93	333.54	419.06	171.05	2916.35	Activo
147	3	32	20240301	1930.84	188.26	236.53	96.54	1646.04	Activo
148	3	33	20240301	2980.25	290.57	365.08	149.01	2540.66	Activo
149	3	34	20240301	896.34	87.39	109.8	0	808.95	Activo
150	3	35	\N	2444.58	238.35	299.46	122.23	2084.01	Activo
151	3	36	20240301	1161.72	113.27	142.31	58.09	990.37	Activo
152	3	37	20240301	1765.16	172.1	216.23	88.26	1504.8	Activo
153	3	38	20240301	1779.57	173.51	218	88.98	1517.09	Activo
154	3	39	20240301	2047.13	199.59	250.77	102.36	1745.17	Activo
155	3	40	20240301	3372.91	328.86	413.18	168.65	2875.41	Activo
156	3	41	20240301	3393.67	330.88	415.72	169.68	2893.1	Activo
157	3	42	20240301	2506.33	244.37	307.03	125.32	2136.64	Activo
158	3	43	20240301	1583.18	154.36	193.94	79.16	1349.66	Activo
159	3	44	20240301	3005.63	293.05	368.19	150.28	2562.3	Activo
160	3	45	20240301	1972.4	192.31	241.62	98.62	1681.47	Activo
161	3	46	20240301	2620.66	255.51	321.03	131.03	2234.11	Activo
162	3	47	20240301	1400.41	136.54	171.55	70.02	1193.85	Activo
163	3	48	20240301	1830.5	178.47	224.24	91.53	1560.5	Activo
164	3	49	20240301	2860.64	278.91	350.43	143.03	2438.7	Activo
165	3	50	\N	2319.06	226.11	284.08	115.95	1977	Activo
166	3	51	20240301	3060.73	298.42	374.94	153.04	2609.27	Activo
167	3	52	20240301	3149.89	307.11	385.86	157.49	2685.28	Activo
168	3	53	20240301	2824.58	275.4	346.01	141.23	2407.95	Activo
169	3	54	20240301	1765.53	172.14	216.28	88.28	1505.12	Activo
170	3	55	20240301	2396.73	233.68	293.6	119.84	2043.21	Activo
171	3	56	20240301	2465.32	240.37	302	123.27	2101.69	Activo
172	3	57	20240301	1917.74	186.98	234.92	95.89	1634.88	Activo
173	3	58	20240301	2105.9	205.33	257.97	105.29	1795.28	Activo
174	3	59	20240301	2120.73	206.77	259.79	106.04	1807.92	Activo
175	1	1	20240401	2406	234.58	294.73	120.3	2051.11	Activo
176	1	2	\N	1297.03	126.46	158.89	64.85	1105.72	Activo
177	1	3	20240401	1755.73	171.18	215.08	87.79	1496.76	Activo
178	1	4	20240401	1630.82	159.01	199.78	81.54	1390.28	Activo
179	1	5	20240401	1329.71	129.65	162.89	66.49	1133.58	Activo
180	1	6	20240401	1723.16	168.01	211.09	86.16	1469	Activo
181	1	7	20240401	1891.22	184.39	231.67	94.56	1612.26	Activo
182	1	8	20240401	3127.68	304.95	383.14	156.38	2666.35	Activo
183	1	9	20240401	997.39	97.25	122.18	0	900.15	Activo
184	1	10	20240401	1568.95	152.97	192.2	78.45	1337.53	Activo
185	1	11	20240401	2297.06	223.96	281.39	114.85	1958.25	Activo
186	1	12	20240401	1712.4	166.96	209.77	85.62	1459.82	Activo
187	1	13	20240401	992.73	96.79	121.61	0	895.94	Activo
188	1	14	20240401	1910.03	186.23	233.98	95.5	1628.3	Activo
189	2	15	20240401	2325.79	226.76	284.91	116.29	1982.74	Activo
190	2	16	20240401	1348.27	131.46	165.16	67.41	1149.4	Activo
191	2	17	20240401	2827.76	275.71	346.4	141.39	2410.67	Activo
192	2	18	20240401	2089.91	203.77	256.01	104.5	1781.65	Activo
193	2	19	20240401	1610.06	156.98	197.23	80.5	1372.58	Activo
194	2	20	20240401	3227.54	314.69	395.37	161.38	2751.48	Activo
195	2	21	20240401	2195.03	214.02	268.89	109.75	1871.26	Activo
196	2	22	20240401	1994.09	194.42	244.28	99.7	1699.96	Activo
197	2	23	20240401	1190.7	116.09	145.86	59.53	1015.07	Activo
198	2	24	20240401	3483.41	339.63	426.72	174.17	2969.61	Activo
199	2	26	20240401	1919.16	187.12	235.1	95.96	1636.08	Activo
200	2	27	20240401	1819.66	177.42	222.91	90.98	1551.26	Activo
201	2	28	20240401	2080.93	202.89	254.91	104.05	1773.99	Activo
202	2	29	20240401	2862.11	279.06	350.61	143.11	2439.94	Activo
203	2	60	20240401	2971.79	289.75	364.04	148.59	2533.45	Activo
204	3	30	20240401	3418.05	333.26	418.71	170.9	2913.89	Activo
205	3	31	20240401	2690.33	262.31	329.56	134.52	2293.5	Activo
206	3	32	20240401	2950.13	287.64	361.39	147.51	2514.98	Activo
207	3	33	20240401	2769.16	269.99	339.22	138.46	2360.71	Activo
208	3	34	20240401	3084.57	300.75	377.86	154.23	2629.6	Activo
209	3	35	20240401	2644.63	257.85	323.97	132.23	2254.55	Activo
210	3	36	20240401	1556.39	151.75	190.66	77.82	1326.82	Activo
211	3	37	20240401	1457.73	142.13	178.57	72.89	1242.71	Activo
212	3	38	20240401	2757.88	268.89	337.84	137.89	2351.1	Activo
213	3	39	20240401	1719.17	167.62	210.6	85.96	1465.59	Activo
214	3	40	20240401	2972.64	289.83	364.15	148.63	2534.18	Activo
215	3	41	20240401	2740.44	267.19	335.7	137.02	2336.23	Activo
216	3	42	20240401	1090.19	106.29	133.55	0	983.89	Activo
217	3	43	20240401	1558.65	151.97	190.93	77.93	1328.75	Activo
218	3	44	20240401	2206.82	215.17	270.34	110.34	1881.32	Activo
219	3	45	20240401	973.76	94.94	119.29	0	878.82	Activo
220	3	46	20240401	2751.68	268.29	337.08	137.58	2345.8	Activo
221	3	47	20240401	1288.03	125.58	157.78	64.4	1098.05	Activo
222	3	48	20240401	1767.14	172.3	216.47	88.36	1506.49	Activo
223	3	49	20240401	2720.63	265.26	333.28	136.03	2319.34	Activo
224	3	50	20240401	2300.24	224.27	281.78	115.01	1960.95	Activo
225	3	51	20240401	2058.05	200.66	252.11	102.9	1754.49	Activo
226	3	52	20240401	2002.58	195.25	245.32	100.13	1707.2	Activo
227	3	53	20240401	2959.81	288.58	362.58	147.99	2523.24	Activo
228	3	54	20240401	1746.19	170.25	213.91	87.31	1488.63	Activo
229	3	55	20240401	1637.25	159.63	200.56	81.86	1395.75	Activo
230	3	56	20240401	2496.63	243.42	305.84	124.83	2128.38	Activo
231	3	57	20240401	2148.46	209.47	263.19	107.42	1831.56	Activo
232	3	58	20240401	3056.05	297.96	374.37	152.8	2605.28	Activo
233	3	59	20240401	3015.98	294.06	369.46	150.8	2571.12	Activo
234	1	1	20240501	3386.6	330.19	414.86	169.33	2887.08	Activo
235	1	2	20240501	2858.57	278.71	350.17	142.93	2436.93	Activo
236	1	3	20240501	2645.41	257.93	324.06	132.27	2255.21	Activo
237	1	5	20240501	1157.67	112.87	141.81	57.88	986.91	Activo
238	1	6	20240501	1056.45	103	129.42	0	953.45	Activo
239	1	7	20240501	1895.09	184.77	232.15	94.75	1615.56	Activo
240	1	8	20240501	1515.49	147.76	185.65	75.77	1291.95	Activo
241	1	9	20240501	2086.58	203.44	255.61	104.33	1778.81	Activo
242	1	10	20240501	3400.59	331.56	416.57	170.03	2899	Activo
243	1	11	20240501	993.4	96.86	121.69	0	896.54	Activo
244	1	13	20240501	3266.02	318.44	400.09	163.3	2784.28	Activo
245	1	14	20240501	3425.68	334	419.65	171.28	2920.4	Activo
246	2	15	20240501	975.72	95.13	119.53	0	880.59	Activo
247	2	16	20240501	2670.57	260.38	327.14	133.53	2276.66	Activo
248	2	17	20240501	2084.04	203.19	255.29	104.2	1776.64	Activo
249	2	18	20240501	3373.26	328.89	413.22	168.66	2875.7	Activo
250	2	19	20240501	2412.38	235.21	295.52	120.62	2056.55	Activo
251	2	20	20240501	1276.85	124.49	156.41	63.84	1088.52	Activo
252	2	21	20240501	2703.58	263.6	331.19	135.18	2304.8	Activo
253	2	22	20240501	1753.95	171.01	214.86	87.7	1495.25	Activo
254	2	23	20240501	2969.2	289.5	363.73	148.46	2531.25	Activo
255	2	24	20240501	2478.97	241.7	303.67	123.95	2113.32	Activo
256	2	25	20240501	1090.92	106.36	133.64	0	984.55	Activo
257	2	26	20240501	3218.79	313.83	394.3	160.94	2744.02	Activo
258	2	27	20240501	1292.44	126.01	158.32	64.62	1101.8	Activo
259	2	28	20240501	1178.98	114.95	144.43	58.95	1005.08	Activo
260	2	29	20240501	3278.39	319.64	401.6	163.92	2794.83	Activo
261	2	60	20240501	2014.98	196.46	246.83	100.75	1717.77	Activo
262	3	30	20240501	3413.78	332.84	418.19	170.69	2910.25	Activo
263	3	31	20240501	2851.21	277.99	349.27	142.56	2430.65	Activo
264	3	32	20240501	2254.31	219.79	276.15	112.72	1921.8	Activo
265	3	33	20240501	1162.47	113.34	142.4	58.12	991.01	Activo
266	3	34	20240501	1470.05	143.33	180.08	73.5	1253.22	Activo
267	3	35	20240501	2993.69	291.88	366.73	149.68	2552.12	Activo
268	3	36	20240501	2849.23	277.8	349.03	142.46	2428.97	Activo
269	3	37	20240501	2339.21	228.07	286.55	116.96	1994.18	Activo
270	3	38	20240501	2434.43	237.36	298.22	121.72	2075.35	Activo
271	3	39	20240501	3134.75	305.64	384.01	156.74	2672.37	Activo
272	3	40	20240501	2869.67	279.79	351.53	143.48	2446.4	Activo
273	3	41	20240501	804.96	78.48	98.61	0	726.48	Activo
274	3	42	20240501	1212.65	118.23	148.55	60.63	1033.79	Activo
275	3	43	20240501	1638.43	159.75	200.71	81.92	1396.76	Activo
276	3	44	20240501	3433.45	334.76	420.6	171.67	2927.02	Activo
277	3	45	20240501	1541.6	150.31	188.85	77.08	1314.22	Activo
278	3	46	20240501	2819.03	274.86	345.33	140.95	2403.22	Activo
279	3	47	20240501	2838.12	276.72	347.67	141.91	2419.5	Activo
280	3	48	20240501	2176.4	212.2	266.61	108.82	1855.38	Activo
281	3	49	20240501	1164.45	113.53	142.64	58.22	992.69	Activo
282	3	50	20240501	854.88	83.35	104.72	0	771.53	Activo
283	3	51	20240501	2622.78	255.72	321.29	131.14	2235.92	Activo
284	3	52	20240501	2009.63	195.94	246.18	100.48	1713.21	Activo
285	3	53	20240501	1022.19	99.66	125.22	0	922.53	Activo
286	3	54	20240501	3126.2	304.8	382.96	156.31	2665.09	Activo
287	3	55	20240501	2383.29	232.37	291.95	119.16	2031.75	Activo
288	3	56	20240501	1404.89	136.98	172.1	70.24	1197.67	Activo
289	3	57	20240501	1763.36	171.93	216.01	88.17	1503.27	Activo
290	3	58	20240501	1553.72	151.49	190.33	77.69	1324.55	Activo
291	3	59	20240501	884.89	86.28	108.4	0	798.62	Activo
292	1	1	20240601	2341.83	228.33	286.87	117.09	1996.41	Activo
293	1	2	20240601	2638.24	257.23	323.18	131.91	2249.1	Activo
294	1	3	20240601	3159.24	308.03	387.01	157.96	2693.25	Activo
295	1	4	20240601	2685.69	261.85	329	134.28	2289.55	Activo
296	1	5	20240601	2973.6	289.93	364.27	148.68	2535	Activo
297	1	7	20240601	946.16	92.25	115.91	0	853.91	Activo
298	1	8	20240601	1019.72	99.42	124.92	0	920.3	Activo
299	1	9	20240601	1604.86	156.47	196.6	80.24	1368.14	Activo
300	1	10	20240601	919.35	89.64	112.62	0	829.72	Activo
301	1	11	20240601	2709.45	264.17	331.91	135.47	2309.81	Activo
302	1	13	20240601	2690.48	262.32	329.58	134.52	2293.63	Activo
303	1	14	20240601	1985.49	193.59	243.22	99.27	1692.63	Activo
304	2	15	20240601	2475.23	241.33	303.22	123.76	2110.13	Activo
305	2	16	20240601	1542.26	150.37	188.93	77.11	1314.78	Activo
306	2	17	20240601	1438.09	140.21	176.17	71.9	1225.97	Activo
307	2	18	20240601	884.62	86.25	108.37	0	798.37	Activo
308	2	19	20240601	1214.46	118.41	148.77	60.72	1035.33	Activo
309	2	20	20240601	2707.49	263.98	331.67	135.37	2308.13	Activo
310	2	21	20240601	3127.18	304.9	383.08	156.36	2665.92	Activo
311	2	22	20240601	1561.19	152.22	191.25	78.06	1330.92	Activo
312	2	23	20240601	1613.6	157.33	197.67	80.68	1375.6	Activo
313	2	25	20240601	1912.36	186.46	234.26	95.62	1630.29	Activo
314	2	26	20240601	1701.29	165.88	208.41	85.06	1450.35	Activo
315	2	27	20240601	3228.46	314.77	395.49	161.42	2752.26	Activo
316	2	28	20240601	1082.54	105.55	132.61	0	977	Activo
317	2	29	20240601	2969.66	289.54	363.78	148.48	2531.63	Activo
318	2	60	20240601	2327.55	226.94	285.13	116.38	1984.24	Activo
319	3	30	20240601	2806.48	273.63	343.79	140.32	2392.52	Activo
320	3	31	20240601	1856.02	180.96	227.36	92.8	1582.26	Activo
321	3	32	20240601	1557.45	151.85	190.79	77.87	1327.72	Activo
322	3	33	20240601	2267.9	221.12	277.82	113.4	1933.39	Activo
323	3	34	20240601	3494.18	340.68	428.04	174.71	2978.79	Activo
324	3	35	20240601	1885.88	183.87	231.02	94.29	1607.72	Activo
325	3	36	20240601	3471.06	338.43	425.2	173.55	2959.08	Activo
326	3	37	20240601	3251.85	317.06	398.35	162.59	2772.2	Activo
327	3	38	20240601	1266.13	123.45	155.1	63.31	1079.37	Activo
328	3	39	20240601	2525.96	246.28	309.43	126.3	2153.38	Activo
329	3	40	20240601	2119.22	206.62	259.6	105.96	1806.63	Activo
330	3	41	20240601	1071.42	104.46	131.25	0	966.96	Activo
331	3	42	20240601	3153.01	307.42	386.24	157.65	2687.94	Activo
332	3	43	20240601	1956.34	190.74	239.65	97.82	1667.78	Activo
333	3	44	20240601	1148.83	112.01	140.73	57.44	979.38	Activo
334	3	45	20240601	2011.77	196.15	246.44	100.59	1715.03	Activo
335	3	46	20240601	1377.4	134.3	168.73	68.87	1174.24	Activo
336	3	47	20240601	2892.15	281.98	354.29	144.61	2465.55	Activo
337	3	48	20240601	3114.14	303.63	381.48	155.71	2654.81	Activo
338	3	49	20240601	3345.58	326.19	409.83	167.28	2852.1	Activo
339	3	50	20240601	3227.45	314.68	395.36	161.37	2751.4	Activo
340	3	51	20240601	2727.17	265.9	334.08	136.36	2324.91	Activo
341	3	52	20240601	3478.2	339.12	426.08	173.91	2965.16	Activo
342	3	53	20240601	1997.1	194.72	244.64	99.86	1702.53	Activo
343	3	54	20240601	1642.78	160.17	201.24	82.14	1400.47	Activo
344	3	55	20240601	2682.47	261.54	328.6	134.12	2286.81	Activo
345	3	56	20240601	3427.81	334.21	419.91	171.39	2922.2	Activo
346	3	57	20240601	2766.83	269.77	338.94	138.34	2358.72	Activo
347	3	58	20240601	1041.43	101.54	127.57	0	939.89	Activo
348	3	59	20240601	3314.36	323.15	406.01	165.72	2825.5	Activo
349	1	1	20240701	2002.58	195.25	245.32	100.13	1707.2	Activo
350	1	2	20240701	1824.08	177.85	223.45	91.2	1555.03	Activo
351	1	3	20240701	3453.32	336.7	423.03	172.67	2943.96	Activo
352	1	4	20240701	1869.1	182.24	228.97	93.46	1593.41	Activo
353	1	5	20240701	2222.58	216.7	272.27	111.13	1894.75	Activo
354	1	6	20240701	3401.9	331.68	416.73	170.09	2900.12	Activo
355	1	7	20240701	2588.65	252.39	317.11	129.43	2206.82	Activo
356	1	8	20240701	1172.49	114.32	143.63	58.62	999.55	Activo
357	1	9	20240701	1587.97	154.83	194.53	79.4	1353.75	Activo
358	1	10	20240701	2252.14	219.58	275.89	112.61	1919.95	Activo
359	1	12	20240701	1051.88	102.56	128.86	0	949.32	Activo
360	1	13	20240701	1373.18	133.89	168.21	68.66	1170.64	Activo
361	1	14	20240701	2884.75	281.26	353.38	144.24	2459.25	Activo
362	2	15	20240701	1070.53	104.38	131.14	0	966.15	Activo
363	2	16	20240701	1739.25	169.58	213.06	86.96	1482.71	Activo
364	2	17	20240701	2154.32	210.05	263.9	107.72	1836.56	Activo
365	2	18	20240701	2494.89	243.25	305.62	124.74	2126.89	Activo
366	2	19	20240701	2977.94	290.35	364.8	148.9	2538.7	Activo
367	2	20	20240701	1134.66	110.63	139	56.73	967.3	Activo
368	2	22	20240701	1917.8	186.99	234.93	95.89	1634.92	Activo
369	2	23	20240701	2589.38	252.46	317.2	129.47	2207.44	Activo
370	2	24	20240701	3159.05	308.01	386.98	157.95	2693.09	Activo
371	2	25	20240701	1015.7	99.03	124.42	0	916.67	Activo
372	2	26	20240701	3483.49	339.64	426.73	174.17	2969.68	Activo
373	2	27	20240701	2283.01	222.59	279.67	114.15	1946.26	Activo
374	2	28	20240701	1202.68	117.26	147.33	60.13	1025.28	Activo
375	2	29	20240701	1187.62	115.79	145.48	59.38	1012.45	Activo
376	2	60	20240701	1542.67	150.41	188.98	77.13	1315.12	Activo
377	3	30	20240701	2702.38	263.48	331.04	135.12	2303.78	Activo
378	3	31	20240701	2852.06	278.08	349.38	142.6	2431.38	Activo
379	3	32	20240701	2133.76	208.04	261.39	106.69	1819.03	Activo
380	3	33	20240701	2280.2	222.32	279.32	114.01	1943.87	Activo
381	3	34	20240701	1303.79	127.12	159.71	65.19	1111.48	Activo
382	3	35	20240701	2385.6	232.6	292.24	119.28	2033.72	Activo
383	3	36	20240701	2393.44	233.36	293.2	119.67	2040.41	Activo
384	3	37	20240701	1644.28	160.32	201.42	82.21	1401.75	Activo
385	3	38	20240701	1922.51	187.44	235.51	96.13	1638.94	Activo
386	3	39	20240701	1385.26	135.06	169.69	69.26	1180.93	Activo
387	3	40	20240701	3406.43	332.13	417.29	170.32	2903.99	Activo
388	3	41	20240701	1906.8	185.91	233.58	95.34	1625.55	Activo
389	3	42	20240701	2266.18	220.95	277.61	113.31	1931.91	Activo
390	3	43	20240701	2583.06	251.85	316.43	129.15	2202.06	Activo
391	3	44	20240701	841.78	82.07	103.12	0	759.71	Activo
392	3	45	20240701	1623.45	158.29	198.87	81.17	1383.99	Activo
393	3	46	\N	873.37	85.15	106.99	0	788.22	Activo
394	3	47	20240701	2633.84	256.8	322.64	131.69	2245.35	Activo
395	3	48	20240701	1333.05	129.97	163.3	66.65	1136.43	Activo
396	3	49	20240701	3117.35	303.94	381.88	155.87	2657.54	Activo
397	3	50	20240701	1217.53	118.71	149.15	60.88	1037.94	Activo
398	3	51	20240701	1735.28	169.19	212.57	86.76	1479.33	Activo
399	3	52	20240701	1589.82	155.01	194.75	79.49	1355.32	Activo
400	3	53	20240701	1021.83	99.63	125.17	0	922.2	Activo
401	3	54	20240701	2212.76	215.74	271.06	110.64	1886.38	Activo
402	3	55	20240701	3300.34	321.78	404.29	165.02	2813.54	Activo
403	3	56	20240701	1355.86	132.2	166.09	67.79	1155.87	Activo
404	3	57	20240701	1663.74	162.21	203.81	83.19	1418.34	Activo
405	3	58	20240701	2540.38	247.69	311.2	127.02	2165.68	Activo
406	3	59	20240701	2486.9	242.47	304.64	124.34	2120.08	Activo
407	1	1	20240801	1201.79	117.17	147.22	60.09	1024.53	Activo
408	1	2	20240801	1196.05	116.61	146.52	59.8	1019.63	Activo
409	1	3	20240801	1131.39	110.31	138.59	56.57	964.51	Activo
410	1	4	20240801	1520.53	148.25	186.26	76.03	1296.25	Activo
411	1	5	20240801	3081.97	300.49	377.54	154.1	2627.38	Activo
412	1	6	20240801	2184.91	213.03	267.65	109.25	1862.63	Activo
413	1	7	20240801	3281.77	319.97	402.02	164.09	2797.71	Activo
414	1	8	20240801	1567.45	152.83	192.01	78.37	1336.25	Activo
415	1	9	20240801	3295.4	321.3	403.69	164.77	2809.32	Activo
416	1	10	20240801	2628.23	256.25	321.96	131.41	2240.57	Activo
417	1	11	20240801	2433.24	237.24	298.07	121.66	2074.34	Activo
418	1	12	20240801	1443.96	140.79	176.88	72.2	1230.97	Activo
419	1	13	20240801	2814.17	274.38	344.74	140.71	2399.08	Activo
420	2	15	20240801	3146.85	306.82	385.49	157.34	2682.69	Activo
421	2	16	20240801	1775.87	173.15	217.54	88.79	1513.93	Activo
422	2	17	20240801	823.4	80.28	100.87	0	743.12	Activo
423	2	18	20240801	2519.48	245.65	308.64	125.97	2147.85	Activo
424	2	19	20240801	2134.38	208.1	261.46	106.72	1819.56	Activo
425	2	20	20240801	1928.41	188.02	236.23	96.42	1643.97	Activo
426	2	21	20240801	2752.67	268.38	337.2	137.63	2346.65	Activo
427	2	22	20240801	3327.08	324.39	407.57	166.35	2836.33	Activo
428	2	23	20240801	1869.12	182.24	228.97	93.46	1593.43	Activo
429	2	24	20240801	3444.24	335.81	421.92	172.21	2936.22	Activo
430	2	25	20240801	2226.13	217.05	272.7	111.31	1897.78	Activo
431	2	26	20240801	1212.25	118.19	148.5	60.61	1033.44	Activo
432	2	27	20240801	2163.15	210.91	264.99	108.16	1844.09	Activo
433	2	28	20240801	2193.7	213.89	268.73	109.69	1870.13	Activo
434	2	29	20240801	1155.45	112.66	141.54	57.77	985.02	Activo
435	2	60	20240801	1175.95	114.65	144.05	58.8	1002.49	Activo
436	3	30	20240801	1347.93	131.42	165.12	67.4	1149.11	Activo
437	3	31	20240801	2782.5	271.29	340.86	139.13	2372.09	Activo
438	3	32	20240801	3177.88	309.84	389.29	158.89	2709.14	Activo
439	3	33	20240801	3380.51	329.6	414.11	169.03	2881.89	Activo
440	3	34	20240801	2966.09	289.19	363.35	148.3	2528.59	Activo
441	3	35	20240801	2710.47	264.27	332.03	135.52	2310.68	Activo
442	3	36	20240801	2300.57	224.31	281.82	115.03	1961.24	Activo
443	3	37	20240801	2653.68	258.73	325.08	132.68	2262.26	Activo
444	3	38	20240801	2041.9	199.09	250.13	102.1	1740.72	Activo
445	3	39	20240801	1989.43	193.97	243.71	99.47	1695.99	Activo
446	3	40	20240801	2764.49	269.54	338.65	138.22	2356.73	Activo
447	3	42	20240801	1878.31	183.14	230.09	93.92	1601.26	Activo
448	3	43	20240801	3043.63	296.75	372.84	152.18	2594.69	Activo
449	3	44	20240801	2675.01	260.81	327.69	133.75	2280.45	Activo
450	3	45	20240801	3137.85	305.94	384.39	156.89	2675.02	Activo
451	3	46	20240801	2718.88	265.09	333.06	135.94	2317.84	Activo
452	3	47	20240801	3488.67	340.15	427.36	174.43	2974.09	Activo
453	3	48	20240801	3034.82	295.89	371.77	151.74	2587.18	Activo
454	3	49	20240801	1235.52	120.46	151.35	61.78	1053.28	Activo
455	3	50	20240801	982.34	95.78	120.34	0	886.56	Activo
456	3	51	20240801	2374.7	231.53	290.9	118.73	2024.43	Activo
457	3	52	20240801	1488.22	145.1	182.31	74.41	1268.71	Activo
458	3	53	20240801	1481.32	144.43	181.46	74.07	1262.82	Activo
459	3	54	20240801	1051.31	102.5	128.78	0	948.8	Activo
460	3	55	20240801	2901.28	282.87	355.41	145.06	2473.34	Activo
461	3	56	20240801	970.47	94.62	118.88	0	875.85	Activo
462	3	57	20240801	2885.05	281.29	353.42	144.25	2459.5	Activo
463	3	58	20240801	3046.26	297.01	373.17	152.31	2596.93	Activo
464	3	59	20240801	818.15	79.77	100.22	0	738.38	Activo
465	1	1	20240901	3467.68	338.1	424.79	173.38	2956.2	Activo
466	1	2	20240901	3105.3	302.77	380.4	155.26	2647.27	Activo
467	1	3	20240901	1796.05	175.11	220.02	89.8	1531.13	Activo
468	1	4	20240901	841.76	82.07	103.12	0	759.69	Activo
469	1	5	20240901	1766.85	172.27	216.44	88.34	1506.24	Activo
470	1	6	20240901	1079.04	105.21	132.18	0	973.83	Activo
471	1	7	20240901	2690	262.28	329.53	134.5	2293.23	Activo
472	1	8	20240901	952.28	92.85	116.65	0	859.43	Activo
473	1	10	20240901	2428.61	236.79	297.5	121.43	2070.39	Activo
474	1	11	20240901	1665.65	162.4	204.04	83.28	1419.97	Activo
475	1	12	20240901	2746.69	267.8	336.47	137.33	2341.56	Activo
476	1	13	20240901	2521.23	245.82	308.85	126.06	2149.35	Activo
477	1	14	20240901	2406.51	234.63	294.8	120.33	2051.55	Activo
478	2	15	20240901	2594.06	252.92	317.77	129.7	2211.43	Activo
479	2	16	20240901	2133.17	207.98	261.31	106.66	1818.53	Activo
480	2	17	20240901	2222.86	216.73	272.3	111.14	1894.99	Activo
481	2	18	\N	831.79	81.1	101.89	0	750.69	Activo
482	2	19	20240901	1935.72	188.73	237.13	96.79	1650.2	Activo
483	2	20	20240901	2723.51	265.54	333.63	136.18	2321.79	Activo
484	2	21	20240901	1402.66	136.76	171.83	70.13	1195.77	Activo
485	2	22	20240901	1390.04	135.53	170.28	69.5	1185.01	Activo
486	2	23	20240901	1405.53	137.04	172.18	70.28	1198.21	Activo
487	2	24	20240901	1444.37	140.83	176.94	72.22	1231.33	Activo
488	2	25	20240901	1578.09	153.86	193.32	78.9	1345.32	Activo
489	2	26	20240901	1833.36	178.75	224.59	91.67	1562.94	Activo
490	2	27	20240901	1334.74	130.14	163.51	66.74	1137.87	Activo
491	2	28	20240901	2717.62	264.97	332.91	135.88	2316.77	Activo
492	2	29	20240901	3235.84	315.49	396.39	161.79	2758.56	Activo
493	2	60	20240901	2194.35	213.95	268.81	109.72	1870.69	Activo
494	3	30	20240901	1317.22	128.43	161.36	65.86	1122.93	Activo
495	3	31	20240901	1103.56	107.6	135.19	55.18	940.78	Activo
496	3	32	20240901	1616.35	157.59	198	80.82	1377.94	Activo
497	3	33	20240901	3287.63	320.54	402.74	164.38	2802.71	Activo
498	3	34	20240901	3044.2	296.81	372.91	152.21	2595.18	Activo
499	3	35	20240901	2987.15	291.25	365.93	149.36	2546.54	Activo
500	3	36	20240901	1261.33	122.98	154.51	63.07	1075.29	Activo
501	3	37	20240901	1717.22	167.43	210.36	85.86	1463.93	Activo
502	3	38	20240901	2504.32	244.17	306.78	125.22	2134.93	Activo
503	3	39	20240901	874.97	85.31	107.18	0	789.66	Activo
504	3	40	20240901	994.54	96.97	121.83	0	897.57	Activo
505	3	41	20240901	1146.32	111.77	140.42	57.32	977.24	Activo
506	3	42	20240901	1567.55	152.84	192.02	78.38	1336.33	Activo
507	3	43	20240901	1187.67	115.8	145.49	59.38	1012.49	Activo
508	3	44	20240901	1919.11	187.11	235.09	95.96	1636.04	Activo
509	3	45	20240901	2989.92	291.52	366.27	149.5	2548.91	Activo
510	3	46	20240901	2633.8	256.8	322.64	131.69	2245.31	Activo
511	3	47	20240901	1637.85	159.69	200.64	81.89	1396.27	Activo
512	3	48	20240901	1389.39	135.47	170.2	69.47	1184.45	Activo
513	3	49	20240901	1655.28	161.39	202.77	82.76	1411.13	Activo
514	3	50	20240901	853.12	83.18	104.51	0	769.94	Activo
515	3	51	20240901	2837.65	276.67	347.61	141.88	2419.09	Activo
516	3	53	20240901	2999.95	292.5	367.49	150	2557.46	Activo
517	3	54	20240901	1811.75	176.65	221.94	90.59	1544.52	Activo
518	3	56	20240901	1508.83	147.11	184.83	75.44	1286.28	Activo
519	3	57	20240901	1298.05	126.56	159.01	64.9	1106.59	Activo
520	3	58	20240901	1051.86	102.56	128.85	0	949.3	Activo
521	3	59	20240901	1267.09	123.54	155.22	63.35	1080.19	Activo
522	1	1	20241001	2472.98	241.12	302.94	123.65	2108.21	Activo
523	1	2	20241001	2669.09	260.24	326.96	133.45	2275.4	Activo
524	1	5	20241001	1525.53	148.74	186.88	76.28	1300.51	Activo
525	1	6	20241001	1897.11	184.97	232.4	94.86	1617.29	Activo
526	1	7	20241001	2856.91	278.55	349.97	142.85	2435.51	Activo
527	1	8	20241001	3284.25	320.21	402.32	164.21	2799.82	Activo
528	1	9	20241001	1707.07	166.44	209.12	85.35	1455.28	Activo
529	1	10	20241001	901.42	87.89	110.42	0	813.53	Activo
530	1	11	20241001	3140.16	306.17	384.67	157.01	2676.98	Activo
531	1	12	20241001	1828.43	178.27	223.98	91.42	1558.73	Activo
532	1	13	20241001	3468.42	338.17	424.88	173.42	2956.83	Activo
533	1	14	20241001	3060.73	298.42	374.94	153.04	2609.27	Activo
534	2	15	20241001	3136.94	305.85	384.28	156.85	2674.24	Activo
535	2	16	20241001	2341.71	228.32	286.86	117.09	1996.31	Activo
536	2	17	20241001	2358.64	229.97	288.93	117.93	2010.74	Activo
537	2	18	20241001	2778.4	270.89	340.35	138.92	2368.59	Activo
538	2	19	20241001	2703.46	263.59	331.17	135.17	2304.7	Activo
539	2	20	20241001	1953.52	190.47	239.31	97.68	1665.38	Activo
540	2	21	20241001	1197.2	116.73	146.66	59.86	1020.61	Activo
541	2	22	20241001	1355.22	132.13	166.01	67.76	1155.33	Activo
542	2	23	20241001	968.84	94.46	118.68	0	874.38	Activo
543	2	24	20241001	3332.18	324.89	408.19	166.61	2840.68	Activo
544	2	25	20241001	1379.15	134.47	168.95	68.96	1175.73	Activo
545	2	26	20241001	2988.15	291.34	366.05	149.41	2547.4	Activo
546	2	27	20241001	1651.7	161.04	202.33	82.59	1408.08	Activo
547	2	28	20241001	2691.57	262.43	329.72	134.58	2294.56	Activo
548	2	29	20241001	3384.96	330.03	414.66	169.25	2885.68	Activo
549	2	60	20241001	1017.79	99.23	124.68	0	918.56	Activo
550	3	30	20241001	1026.23	100.06	125.71	0	926.17	Activo
551	3	31	20241001	1036.86	101.09	127.02	0	935.77	Activo
552	3	33	20241001	1529.4	149.12	187.35	76.47	1303.81	Activo
553	3	34	20241001	1907.51	185.98	233.67	95.38	1626.15	Activo
554	3	35	20241001	3233.87	315.3	396.15	161.69	2756.87	Activo
555	3	36	20241001	1826.18	178.05	223.71	91.31	1556.82	Activo
556	3	37	20241001	2087.99	203.58	255.78	104.4	1780.01	Activo
557	3	38	20241001	2341.53	228.3	286.84	117.08	1996.15	Activo
558	3	39	20241001	1300.87	126.83	159.36	65.04	1108.99	Activo
559	3	41	20241001	2565.04	250.09	314.22	128.25	2186.7	Activo
560	3	43	20241001	3021.79	294.62	370.17	151.09	2576.08	Activo
561	3	44	20241001	1175.81	114.64	144.04	58.79	1002.38	Activo
562	3	45	20241001	1746.27	170.26	213.92	87.31	1488.7	Activo
563	3	46	20241001	1433.18	139.73	175.56	71.66	1221.78	Activo
564	3	47	20241001	3275.13	319.32	401.2	163.76	2792.05	Activo
565	3	48	20241001	1504.93	146.73	184.35	75.25	1282.95	Activo
566	3	49	20241001	1050.84	102.46	128.73	0	948.39	Activo
567	3	50	20241001	2936.63	286.32	359.74	146.83	2503.48	Activo
568	3	51	20241001	1286.91	125.47	157.65	64.35	1097.09	Activo
569	3	52	20241001	2099.86	204.74	257.23	104.99	1790.13	Activo
570	3	53	20241001	1565.42	152.63	191.76	78.27	1334.52	Activo
571	3	54	20241001	2364.89	230.58	289.7	118.24	2016.07	Activo
572	3	55	20241001	1229.28	119.85	150.59	61.46	1047.96	Activo
573	3	56	20241001	913.11	89.03	111.86	0	824.09	Activo
574	3	57	20241001	1723.22	168.01	211.1	86.16	1469.05	Activo
575	3	58	20241001	2076.31	202.44	254.35	103.82	1770.05	Activo
576	3	59	20241001	1210.35	118.01	148.27	60.52	1031.82	Activo
577	1	1	20241101	3396.43	331.15	416.06	169.82	2895.46	Activo
578	1	2	20241101	1068.02	104.13	130.83	0	963.89	Activo
579	1	3	20241101	3321.83	323.88	406.92	166.09	2831.86	Activo
580	1	4	20241101	2195.46	214.06	268.94	109.77	1871.63	Activo
581	1	5	20241101	1859.77	181.33	227.82	92.99	1585.45	Activo
582	1	6	20241101	1498.05	146.06	183.51	74.9	1277.09	Activo
583	1	7	20241101	2344.03	228.54	287.14	117.2	1998.28	Activo
584	1	8	20241101	2771.77	270.25	339.54	138.59	2362.93	Activo
585	1	9	20241101	2361.55	230.25	289.29	118.08	2013.22	Activo
586	1	10	20241101	2654.98	258.86	325.24	132.75	2263.37	Activo
587	1	11	20241101	3363.08	327.9	411.98	168.15	2867.03	Activo
588	1	12	20241101	929.78	90.65	113.9	0	839.13	Activo
589	1	13	20241101	1430.8	139.5	175.27	71.54	1219.75	Activo
590	1	14	20241101	1238.26	120.73	151.69	61.91	1055.61	Activo
591	2	15	20241101	2067.41	201.57	253.26	103.37	1762.47	Activo
592	2	16	20241101	1476.94	144	180.92	73.85	1259.09	Activo
593	2	17	20241101	2186.46	213.18	267.84	109.32	1863.96	Activo
594	2	18	20241101	2811.67	274.14	344.43	140.58	2396.95	Activo
595	2	19	20241101	2612.79	254.75	320.07	130.64	2227.41	Activo
596	2	20	20241101	1017.07	99.16	124.59	0	917.9	Activo
597	2	21	20241101	1989.73	194	243.74	99.49	1696.25	Activo
598	2	22	20241101	1082.84	105.58	132.65	0	977.27	Activo
599	2	23	20241101	1572.51	153.32	192.63	78.63	1340.57	Activo
600	2	24	20241101	1794.38	174.95	219.81	89.72	1529.71	Activo
601	2	25	20241101	1640.62	159.96	200.98	82.03	1398.63	Activo
602	2	26	20241101	3423.16	333.76	419.34	171.16	2918.25	Activo
603	2	27	20241101	2512.5	244.97	307.78	125.63	2141.91	Activo
604	2	28	20241101	2172.39	211.81	266.12	108.62	1851.96	Activo
605	2	29	20241101	1454.92	141.86	178.23	72.75	1240.32	Activo
606	2	60	20241101	1241.78	121.07	152.12	62.09	1058.62	Activo
607	3	30	20241101	1290.35	125.81	158.07	64.52	1100.02	Activo
608	3	32	20241101	3060.28	298.38	374.88	153.01	2608.89	Activo
609	3	33	20241101	3043.59	296.75	372.84	152.18	2594.66	Activo
610	3	34	20241101	1806.82	176.17	221.34	90.34	1540.32	Activo
611	3	35	20241101	1551.54	151.27	190.06	77.58	1322.68	Activo
612	3	36	20241101	3487.78	340.06	427.25	174.39	2973.33	Activo
613	3	37	20241101	1379.22	134.47	168.95	68.96	1175.78	Activo
614	3	38	20241101	902.48	87.99	110.55	0	814.49	Activo
615	3	39	20241101	1757.29	171.34	215.27	87.86	1498.09	Activo
616	3	40	20241101	3169.36	309.01	388.25	158.47	2701.88	Activo
617	3	41	20241101	1410.95	137.57	172.84	70.55	1202.83	Activo
618	3	42	20241101	2926.95	285.38	358.55	146.35	2495.23	Activo
619	3	43	20241101	2167.19	211.3	265.48	108.36	1847.53	Activo
620	3	44	20241101	1519.86	148.19	186.18	75.99	1295.68	Activo
621	3	45	20241101	2358.52	229.96	288.92	117.93	2010.64	Activo
622	3	46	20241101	1766.4	172.22	216.38	88.32	1505.86	Activo
623	3	47	20241101	840.23	81.92	102.93	0	758.31	Activo
624	3	48	20241101	3081.64	300.46	377.5	154.08	2627.1	Activo
625	3	49	20241101	3001.41	292.64	367.67	150.07	2558.7	Activo
626	3	50	20241101	1412.43	137.71	173.02	70.62	1204.1	Activo
627	3	51	20241101	1590.68	155.09	194.86	79.53	1356.05	Activo
628	3	52	20241101	1079.67	105.27	132.26	0	974.41	Activo
629	3	53	20241101	1914.21	186.64	234.49	95.71	1631.86	Activo
630	3	54	20241101	948.65	92.49	116.21	0	856.16	Activo
631	3	55	20241101	1717.84	167.49	210.44	85.89	1464.46	Activo
632	3	56	20241101	957.47	93.35	117.29	0	864.12	Activo
633	3	57	20241101	947.19	92.35	116.03	0	854.84	Activo
634	3	58	20241101	2016.27	196.59	246.99	100.81	1718.87	Activo
635	3	59	20241101	1491.94	145.46	182.76	74.6	1271.88	Activo
636	1	1	20241201	3031.84	295.6	371.4	151.59	2584.65	Activo
637	1	2	20241201	3148.86	307.01	385.74	157.44	2684.4	Activo
638	1	3	20241201	1624.16	158.36	198.96	81.21	1384.6	Activo
639	1	5	20241201	2165.38	211.12	265.26	108.27	1845.99	Activo
640	1	6	20241201	3229.1	314.84	395.57	161.46	2752.81	Activo
641	1	7	20241201	2920.3	284.73	357.74	146.02	2489.56	Activo
642	1	8	20241201	3234.84	315.4	396.27	161.74	2757.7	Activo
643	1	9	20241201	2589.9	252.52	317.26	129.5	2207.89	Activo
644	1	10	20241201	1566.77	152.76	191.93	78.34	1335.67	Activo
645	1	11	20241201	3072.2	299.54	376.35	153.61	2619.05	Activo
646	1	12	20241201	1101.18	107.37	134.89	55.06	938.76	Activo
647	1	13	20241201	2186.22	213.16	267.81	109.31	1863.75	Activo
648	1	14	20241201	3337.25	325.38	408.81	166.86	2845.01	Activo
649	2	15	20241201	2641.32	257.53	323.56	132.07	2251.73	Activo
650	2	16	20241201	1462.58	142.6	179.17	73.13	1246.85	Activo
651	2	17	20241201	2324.49	226.64	284.75	116.22	1981.63	Activo
652	2	18	20241201	3320.9	323.79	406.81	166.04	2831.06	Activo
653	2	19	20241201	1913.8	186.6	234.44	95.69	1631.51	Activo
654	2	20	20241201	1384.19	134.96	169.56	69.21	1180.02	Activo
655	2	21	20241201	1174.72	114.53	143.9	58.74	1001.45	Activo
656	2	22	20241201	1624.12	158.35	198.95	81.21	1384.56	Activo
657	2	23	20241201	2875.11	280.32	352.2	143.76	2451.03	Activo
658	2	24	20241201	1159.15	113.02	142	57.96	988.18	Activo
659	2	25	20241201	2235.82	217.99	273.89	111.79	1906.04	Activo
660	2	26	20241201	1370.28	133.6	167.86	68.51	1168.16	Activo
661	2	27	20241201	2607.26	254.21	319.39	130.36	2222.69	Activo
662	2	28	20241201	2752.67	268.38	337.2	137.63	2346.65	Activo
663	2	29	20241201	1173.13	114.38	143.71	58.66	1000.09	Activo
664	2	60	20241201	1204.61	117.45	147.56	60.23	1026.93	Activo
665	3	30	20241201	883.89	86.18	108.28	0	797.71	Activo
666	3	31	20241201	2788.76	271.9	341.62	139.44	2377.41	Activo
667	3	32	20241201	849.66	82.84	104.08	0	766.82	Activo
668	3	33	20241201	2065.28	201.36	253	103.26	1760.65	Activo
669	3	34	20241201	1086.61	105.94	133.11	0	980.66	Activo
670	3	35	20241201	3161.82	308.28	387.32	158.09	2695.46	Activo
671	3	36	20241201	959.07	93.51	117.49	0	865.56	Activo
672	3	37	20241201	848.51	82.73	103.94	0	765.78	Activo
673	3	38	20241201	3493.85	340.65	428	174.69	2978.51	Activo
674	3	39	20241201	1896.99	184.96	232.38	94.85	1617.19	Activo
675	3	40	20241201	1208.39	117.82	148.03	60.42	1030.15	Activo
676	3	41	20241201	2493.1	243.08	305.4	124.65	2125.37	Activo
677	3	42	20241201	2264.18	220.76	277.36	113.21	1930.21	Activo
678	3	43	20241201	1782.52	173.8	218.36	89.13	1519.6	Activo
679	3	44	20241201	824.14	80.35	100.96	0	743.78	Activo
680	3	45	20241201	2706.32	263.87	331.52	135.32	2307.14	Activo
681	3	46	20241201	3395.26	331.04	415.92	169.76	2894.46	Activo
682	3	47	20241201	2876.46	280.45	352.37	143.82	2452.18	Activo
683	3	48	20241201	2491.08	242.88	305.16	124.55	2123.64	Activo
684	3	49	\N	1056.98	103.06	129.48	0	953.93	Activo
685	3	50	20241201	2308.43	225.07	282.78	115.42	1967.93	Activo
686	3	51	20241201	1220.5	119	149.51	61.03	1040.48	Activo
687	3	52	20241201	2249.11	219.29	275.52	112.46	1917.37	Activo
688	3	53	20241201	2069.94	201.82	253.57	103.5	1764.63	Activo
689	3	54	20241201	1952.52	190.37	239.18	97.63	1664.52	Activo
690	3	55	20241201	2713.63	264.58	332.42	135.68	2313.37	Activo
691	3	56	20241201	916.57	89.37	112.28	0	827.2	Activo
692	3	57	20241201	1538.64	150.02	188.48	76.93	1311.69	Activo
693	3	58	20241201	1580.42	154.09	193.6	79.02	1347.31	Activo
694	3	59	20241201	2354.8	229.59	288.46	117.74	2007.47	Activo
695	1	1	20250101	1102.67	107.51	135.08	55.13	940.03	Activo
696	1	2	20250101	2644.5	257.84	323.95	132.22	2254.43	Activo
697	1	3	20250101	872.11	85.03	106.83	0	787.08	Activo
698	1	4	20250101	851.32	83	104.29	0	768.31	Activo
699	1	5	20250101	1300.72	126.82	159.34	65.04	1108.86	Activo
700	1	6	20250101	1469.09	143.24	179.96	73.45	1252.4	Activo
701	1	7	20250101	1828.47	178.28	223.99	91.42	1558.77	Activo
702	1	8	20250101	1861.51	181.5	228.03	93.08	1586.93	Activo
703	1	9	20250101	2369.88	231.06	290.31	118.49	2020.32	Activo
704	1	10	20250101	1216.31	118.59	149	60.82	1036.9	Activo
705	1	11	20250101	2194.95	214.01	268.88	109.75	1871.19	Activo
706	1	12	20250101	3414.74	332.94	418.31	170.74	2911.07	Activo
707	1	13	20250101	1552.87	151.4	190.23	77.64	1323.82	Activo
708	1	14	20250101	3412.23	332.69	418	170.61	2908.93	Activo
709	2	15	20250101	913.76	89.09	111.94	0	824.66	Activo
710	2	16	20250101	2616.68	255.13	320.54	130.83	2230.72	Activo
711	2	17	20250101	847.98	82.68	103.88	0	765.3	Activo
712	2	18	20250101	957.25	93.33	117.26	0	863.92	Activo
713	2	19	20250101	1680.63	163.86	205.88	84.03	1432.74	Activo
714	2	20	20250101	1822.55	177.7	223.26	91.13	1553.73	Activo
715	2	21	20250101	3428.28	334.26	419.96	171.41	2922.61	Activo
716	2	22	20250101	2548.43	248.47	312.18	127.42	2172.54	Activo
717	2	23	20250101	858.75	83.73	105.2	0	775.02	Activo
718	2	24	20250101	853.04	83.17	104.5	0	769.87	Activo
719	2	26	20250101	2561.59	249.75	313.79	128.08	2183.75	Activo
720	2	27	20250101	3220.82	314.03	394.55	161.04	2745.75	Activo
721	2	28	20250101	2909.85	283.71	356.46	145.49	2480.65	Activo
722	2	29	20250101	3159.06	308.01	386.98	157.95	2693.1	Activo
723	2	60	20250101	3359.08	327.51	411.49	167.95	2863.62	Activo
724	3	30	20250101	3119.2	304.12	382.1	155.96	2659.12	Activo
725	3	31	20250101	2917.56	284.46	357.4	145.88	2487.22	Activo
726	3	32	20250101	2236.78	218.09	274.01	111.84	1906.85	Activo
727	3	33	20250101	2941.93	286.84	360.39	147.1	2508	Activo
728	3	34	20250101	1112.27	108.45	136.25	55.61	948.21	Activo
729	3	35	20250101	2959.4	288.54	362.53	147.97	2522.89	Activo
730	3	36	20250101	945.79	92.21	115.86	0	853.58	Activo
731	3	37	20250101	3379.68	329.52	414.01	168.98	2881.18	Activo
732	3	38	20250101	1772.61	172.83	217.14	88.63	1511.15	Activo
733	3	39	20250101	1385.75	135.11	169.75	69.29	1181.35	Activo
734	3	40	20250101	3446.09	335.99	422.15	172.3	2937.79	Activo
735	3	41	20250101	2844.77	277.37	348.48	142.24	2425.17	Activo
736	3	42	20250101	2762.46	269.34	338.4	138.12	2355	Activo
737	3	43	20250101	1247.53	121.63	152.82	62.38	1063.52	Activo
738	3	44	20250101	1433.35	139.75	175.59	71.67	1221.93	Activo
739	3	45	20250101	3146.81	306.81	385.48	157.34	2682.65	Activo
740	3	46	20250101	2667.66	260.1	326.79	133.38	2274.18	Activo
741	3	47	20250101	1090.79	106.35	133.62	0	984.44	Activo
742	3	48	20250101	2657.03	259.06	325.49	132.85	2265.11	Activo
743	3	49	20250101	3011.46	293.62	368.9	150.57	2567.27	Activo
744	3	50	20250101	2271.68	221.49	278.28	113.58	1936.61	Activo
745	3	51	20250101	2884.3	281.22	353.33	144.22	2458.87	Activo
746	3	53	20250101	1197.65	116.77	146.71	59.88	1021	Activo
747	3	54	20250101	2631.34	256.56	322.34	131.57	2243.22	Activo
748	3	55	20250101	1734	169.06	212.41	86.7	1478.23	Activo
749	3	56	20250101	1457.09	142.07	178.49	72.85	1242.17	Activo
750	3	57	20250101	3363.81	327.97	412.07	168.19	2867.65	Activo
751	3	58	20250101	2710.24	264.25	332	135.51	2310.48	Activo
752	3	59	20250101	3204.48	312.44	392.55	160.22	2731.82	Activo
753	1	1	20250201	2235.58	217.97	273.86	111.78	1905.83	Activo
754	1	2	20250201	910.73	88.8	111.56	0	821.93	Activo
755	1	3	20250201	3026.94	295.13	370.8	151.35	2580.47	Activo
756	1	4	20250201	1575.52	153.61	193	78.78	1343.13	Activo
757	1	5	20250201	2810.17	273.99	344.25	140.51	2395.67	Activo
758	1	6	20250201	1132.94	110.46	138.79	56.65	965.83	Activo
759	1	7	20250201	2413.33	235.3	295.63	120.67	2057.36	Activo
760	1	8	20250201	2885.43	281.33	353.47	144.27	2459.83	Activo
761	1	9	20250201	2701.39	263.39	330.92	135.07	2302.94	Activo
762	1	10	20250201	2209.34	215.41	270.64	110.47	1883.46	Activo
763	1	11	20250201	3183.55	310.4	389.98	159.18	2713.98	Activo
764	1	12	20250201	3407.1	332.19	417.37	170.36	2904.55	Activo
765	1	13	20250201	3023.99	294.84	370.44	151.2	2577.95	Activo
766	1	14	20250201	2310.17	225.24	283	115.51	1969.42	Activo
767	2	15	20250201	3315.41	323.25	406.14	165.77	2826.39	Activo
768	2	16	20250201	2905.81	283.32	355.96	145.29	2477.2	Activo
769	2	17	20250201	1449.53	141.33	177.57	72.48	1235.73	Activo
770	2	18	20250201	3370.47	328.62	412.88	168.52	2873.32	Activo
771	2	19	20250201	1720.86	167.78	210.8	86.04	1467.03	Activo
772	2	20	20250201	3427.76	334.21	419.9	171.39	2922.17	Activo
773	2	21	20250201	2429.91	236.92	297.66	121.5	2071.5	Activo
774	2	22	20250201	1572.29	153.3	192.61	78.61	1340.38	Activo
775	2	23	20250201	2361.09	230.21	289.23	118.05	2012.83	Activo
776	2	24	20250201	2397.2	233.73	293.66	119.86	2043.61	Activo
777	2	25	20250201	2885.3	281.32	353.45	144.26	2459.72	Activo
778	2	26	20250201	2752.87	268.4	337.23	137.64	2346.82	Activo
779	2	27	20250201	3259.7	317.82	399.31	162.98	2778.89	Activo
780	2	28	20250201	2820.78	275.03	345.54	141.04	2404.71	Activo
781	2	29	20250201	3203.88	312.38	392.48	160.19	2731.31	Activo
782	2	60	20250201	1755.96	171.21	215.1	87.8	1496.95	Activo
783	3	30	20250201	2026.7	197.6	248.27	101.33	1727.76	Activo
784	3	31	20250201	1885.58	183.84	230.98	94.28	1607.46	Activo
785	3	32	20250201	2947.66	287.4	361.09	147.38	2512.88	Activo
786	3	33	20250201	3491.25	340.4	427.68	174.56	2976.29	Activo
787	3	34	20250201	1062.39	103.58	130.14	0	958.81	Activo
788	3	35	20250201	1888.49	184.13	231.34	94.42	1609.94	Activo
789	3	36	20250201	2763.47	269.44	338.53	138.17	2355.86	Activo
790	3	37	20250201	2076.54	202.46	254.38	103.83	1770.25	Activo
791	3	39	20250201	2463.07	240.15	301.73	123.15	2099.77	Activo
792	3	40	20250201	3117.14	303.92	381.85	155.86	2657.36	Activo
793	3	41	20250201	1267.33	123.56	155.25	63.37	1080.4	Activo
794	3	42	20250201	851.32	83	104.29	0	768.31	Activo
795	3	43	20250201	1383.27	134.87	169.45	69.16	1179.24	Activo
796	3	44	20250201	1487.55	145.04	182.23	74.38	1268.14	Activo
797	3	45	20250201	1204.05	117.4	147.5	60.2	1026.46	Activo
798	3	46	20250201	1371.1	133.68	167.96	68.55	1168.86	Activo
799	3	47	20250201	3300.58	321.81	404.32	165.03	2813.75	Activo
800	3	48	20250201	2789.02	271.93	341.66	139.45	2377.64	Activo
801	3	49	20250201	908.55	88.58	111.3	0	819.96	Activo
802	3	50	20250201	2934.83	286.15	359.52	146.74	2501.94	Activo
803	3	51	20250201	2105.96	205.33	257.98	105.3	1795.33	Activo
804	3	52	20250201	911.47	88.87	111.65	0	822.6	Activo
805	3	53	20250201	1962.99	191.39	240.47	98.15	1673.45	Activo
806	3	54	20250201	1146.36	111.77	140.43	57.32	977.27	Activo
807	3	55	20250201	1440.45	140.44	176.46	72.02	1227.99	Activo
808	3	56	20250201	2710.92	264.31	332.09	135.55	2311.06	Activo
809	3	57	20250201	3166.79	308.76	387.93	158.34	2699.69	Activo
810	3	58	20250201	1344.09	131.05	164.65	67.2	1145.84	Activo
811	3	59	20250201	1285.64	125.35	157.49	64.28	1096.01	Activo
812	1	1	20250301	2693.86	262.65	330	134.69	2296.52	Activo
813	1	2	20250301	3483.89	339.68	426.78	174.19	2970.02	Activo
814	1	3	20250301	2062.12	201.06	252.61	103.11	1757.96	Activo
815	1	4	20250301	3072.23	299.54	376.35	153.61	2619.07	Activo
816	1	5	20250301	3310.23	322.75	405.5	165.51	2821.97	Activo
817	1	6	20250301	2834.35	276.35	347.21	141.72	2416.28	Activo
818	1	7	20250301	2473.28	241.14	302.98	123.66	2108.47	Activo
819	1	8	20250301	2281.63	222.46	279.5	114.08	1945.09	Activo
820	1	9	20250301	2472.41	241.06	302.87	123.62	2107.73	Activo
821	1	10	20250301	3377.65	329.32	413.76	168.88	2879.45	Activo
822	1	11	20250301	1135.63	110.72	139.11	56.78	968.13	Activo
823	1	12	20250301	2060.04	200.85	252.35	103	1756.18	Activo
824	1	13	20250301	1162.01	113.3	142.35	58.1	990.61	Activo
825	1	14	20250301	2113.49	206.06	258.9	105.67	1801.75	Activo
826	2	15	20250301	2285.82	222.87	280.01	114.29	1948.66	Activo
827	2	16	20250301	1612.95	157.26	197.59	80.65	1375.04	Activo
828	2	17	20250301	3374.78	329.04	413.41	168.74	2877	Activo
829	2	18	20250301	2436.41	237.55	298.46	121.82	2077.04	Activo
830	2	19	20250301	1574.82	153.54	192.91	78.74	1342.53	Activo
831	2	20	20250301	2460.44	239.89	301.4	123.02	2097.52	Activo
832	2	21	20250301	2829.72	275.9	346.64	141.49	2412.33	Activo
833	2	22	\N	945.68	92.2	115.85	0	853.47	Activo
834	2	23	20250301	1260.27	122.88	154.38	63.01	1074.38	Activo
835	2	24	20250301	849.54	82.83	104.07	0	766.71	Activo
836	2	25	20250301	827.46	80.68	101.36	0	746.78	Activo
837	2	26	20250301	2252.47	219.62	275.93	112.62	1920.23	Activo
838	2	27	20250301	3417.81	333.24	418.68	170.89	2913.68	Activo
839	2	29	20250301	1116.5	108.86	136.77	55.83	951.82	Activo
840	2	60	20250301	2535.88	247.25	310.65	126.79	2161.84	Activo
841	3	30	20250301	1957.53	190.86	239.8	97.88	1668.79	Activo
842	3	31	20250301	2380.29	232.08	291.59	119.01	2029.2	Activo
843	3	32	20250301	2205.56	215.04	270.18	110.28	1880.24	Activo
844	3	33	20250301	2661	259.45	325.97	133.05	2268.5	Activo
845	3	34	20250301	2049.97	199.87	251.12	102.5	1747.6	Activo
846	3	35	20250301	3107.8	303.01	380.71	155.39	2649.4	Activo
847	3	36	20250301	2860.55	278.9	350.42	143.03	2438.62	Activo
848	3	37	20250301	1136.53	110.81	139.22	56.83	968.89	Activo
849	3	38	20250301	1280.73	124.87	156.89	64.04	1091.82	Activo
850	3	39	20250301	2063.58	201.2	252.79	103.18	1759.2	Activo
851	3	40	20250301	1492.51	145.52	182.83	74.63	1272.36	Activo
852	3	41	20250301	2576.62	251.22	315.64	128.83	2196.57	Activo
853	3	42	20250301	2935.99	286.26	359.66	146.8	2502.93	Activo
854	3	43	20250301	3216.87	313.64	394.07	160.84	2742.38	Activo
855	3	44	20250301	3470.45	338.37	425.13	173.52	2958.56	Activo
856	3	45	20250301	1303.63	127.1	159.7	65.18	1111.35	Activo
857	3	46	20250301	3243.42	316.23	397.32	162.17	2765.02	Activo
858	3	47	20250301	3181.54	310.2	389.74	159.08	2712.26	Activo
859	3	48	20250301	2296.79	223.94	281.36	114.84	1958.01	Activo
860	3	49	20250301	3058.39	298.19	374.65	152.92	2607.28	Activo
861	3	50	20250301	2783.36	271.38	340.96	139.17	2372.81	Activo
862	3	51	20250301	3152.48	307.37	386.18	157.62	2687.49	Activo
863	3	52	20250301	1088.42	106.12	133.33	0	982.3	Activo
864	3	53	20250301	3263.24	318.17	399.75	163.16	2781.91	Activo
865	3	54	20250301	941.4	91.79	115.32	0	849.62	Activo
866	3	55	20250301	1150.29	112.15	140.91	57.51	980.62	Activo
867	3	56	20250301	1156.16	112.73	141.63	57.81	985.63	Activo
868	3	57	20250301	1568.48	152.93	192.14	78.42	1337.13	Activo
869	3	58	20250301	2368.75	230.95	290.17	118.44	2019.36	Activo
870	3	59	20250301	2651.98	258.57	324.87	132.6	2260.81	Activo
871	1	1	20250401	1049.56	102.33	128.57	0	947.23	Activo
872	1	2	20250401	1297.43	126.5	158.94	64.87	1106.06	Activo
873	1	3	20250401	1413.62	137.83	173.17	70.68	1205.11	Activo
874	1	5	20250401	947.23	92.36	116.04	0	854.88	Activo
875	1	6	20250401	1530.53	149.23	187.49	76.53	1304.78	Activo
876	1	8	20250401	2427.73	236.7	297.4	121.39	2069.64	Activo
877	1	9	20250401	1794.69	174.98	219.85	89.73	1529.97	Activo
878	1	10	20250401	1773.34	172.9	217.23	88.67	1511.77	Activo
879	1	11	20250401	1171.11	114.18	143.46	58.56	998.37	Activo
880	1	12	20250401	3365.47	328.13	412.27	168.27	2869.07	Activo
881	1	13	20250401	3483.59	339.65	426.74	174.18	2969.76	Activo
882	1	14	20250401	1118.75	109.08	137.05	55.94	953.73	Activo
883	2	15	20250401	1104.58	107.7	135.31	55.23	941.65	Activo
884	2	16	20250401	1005.64	98.05	123.19	0	907.59	Activo
885	2	17	20250401	3099.99	302.25	379.75	155	2642.74	Activo
886	2	18	20250401	2414.77	235.44	295.81	120.74	2058.59	Activo
887	2	19	20250401	3491.18	340.39	427.67	174.56	2976.23	Activo
888	2	20	20250401	2229.04	217.33	273.06	111.45	1900.26	Activo
889	2	21	20250401	2543.68	248.01	311.6	127.18	2168.49	Activo
890	2	22	20250401	1252.39	122.11	153.42	62.62	1067.66	Activo
891	2	23	20250401	3162.42	308.34	387.4	158.12	2695.97	Activo
892	2	24	20250401	2231.62	217.58	273.37	111.58	1902.46	Activo
893	2	25	20250401	2946.41	287.27	360.94	147.32	2511.81	Activo
894	2	26	20250401	1734.1	169.08	212.43	86.71	1478.32	Activo
895	2	27	20250401	2415.09	235.47	295.85	120.75	2058.86	Activo
896	2	28	20250401	1223.73	119.31	149.91	61.19	1043.23	Activo
897	2	29	20250401	3215.35	313.5	393.88	160.77	2741.08	Activo
898	2	60	20250401	2924.01	285.09	358.19	146.2	2492.72	Activo
899	3	30	20250401	1477.55	144.06	181	73.88	1259.61	Activo
900	3	31	20250401	945	92.14	115.76	0	852.86	Activo
901	3	32	20250401	1519.87	148.19	186.18	75.99	1295.69	Activo
902	3	33	20250401	2170.38	211.61	265.87	108.52	1850.25	Activo
903	3	34	20250401	3111.78	303.4	381.19	155.59	2652.79	Activo
904	3	35	20250401	1073.71	104.69	131.53	0	969.02	Activo
905	3	36	20250401	1659.87	161.84	203.33	82.99	1415.04	Activo
906	3	37	20250401	1734.39	169.1	212.46	86.72	1478.56	Activo
907	3	38	20250401	2429.46	236.87	297.61	121.47	2071.12	Activo
908	3	39	20250401	2091.85	203.96	256.25	104.59	1783.3	Activo
909	3	40	20250401	2126.48	207.33	260.49	106.32	1812.82	Activo
910	3	41	20250401	1128.12	109.99	138.2	56.41	961.73	Activo
911	3	42	20250401	3175.21	309.58	388.96	158.76	2706.87	Activo
912	3	43	20250401	1983.48	193.39	242.98	99.17	1690.92	Activo
913	3	44	20250401	2244.22	218.81	274.92	112.21	1913.2	Activo
914	3	45	20250401	3195.2	311.53	391.41	159.76	2723.91	Activo
915	3	46	20250401	1034.21	100.84	126.69	0	933.38	Activo
916	3	47	20250401	820.75	80.02	100.54	0	740.73	Activo
917	3	48	20250401	3093.64	301.63	378.97	154.68	2637.33	Activo
918	3	49	20250401	1909.2	186.15	233.88	95.46	1627.6	Activo
919	3	50	20250401	2271.93	221.51	278.31	113.6	1936.82	Activo
920	3	51	20250401	2013.45	196.31	246.65	100.67	1716.47	Activo
921	3	52	20250401	3185.62	310.6	390.24	159.28	2715.74	Activo
922	3	53	20250401	2985.91	291.13	365.77	149.3	2545.49	Activo
923	3	54	20250401	2859.08	278.76	350.24	142.95	2437.37	Activo
924	3	55	20250401	2354.51	229.57	288.43	117.73	2007.22	Activo
925	3	56	20250401	2653.9	258.76	325.1	132.7	2262.45	Activo
926	3	57	20250401	1588.62	154.89	194.61	79.43	1354.3	Activo
927	3	58	20250401	1593.83	155.4	195.24	79.69	1358.74	Activo
928	3	59	20250401	1892.82	184.55	231.87	94.64	1613.63	Activo
929	1	1	20250501	2078.51	202.66	254.62	103.93	1771.93	Activo
930	1	2	20250501	1851.59	180.53	226.82	92.58	1578.48	Activo
931	1	3	20250501	2359.49	230.05	289.04	117.97	2011.47	Activo
932	1	4	20250501	2785.04	271.54	341.17	139.25	2374.25	Activo
933	1	5	20250501	2439.84	237.88	298.88	121.99	2079.97	Activo
934	1	6	20250501	2100.11	204.76	257.26	105.01	1790.34	Activo
935	1	7	20250501	1423.2	138.76	174.34	71.16	1213.28	Activo
936	1	8	20250501	3432.22	334.64	420.45	171.61	2925.97	Activo
937	1	9	\N	2507.48	244.48	307.17	125.37	2137.63	Activo
938	1	10	20250501	2248.73	219.25	275.47	112.44	1917.04	Activo
939	1	11	20250501	3011.09	293.58	368.86	150.55	2566.95	Activo
940	1	12	20250501	2499.05	243.66	306.13	124.95	2130.44	Activo
941	1	13	20250501	1179.25	114.98	144.46	58.96	1005.31	Activo
942	1	14	20250501	1176.69	114.73	144.14	58.83	1003.13	Activo
943	2	15	20250501	2406.73	234.66	294.82	120.34	2051.74	Activo
944	2	16	20250501	3015.83	294.04	369.44	150.79	2571	Activo
945	2	17	20250501	2597.78	253.28	318.23	129.89	2214.61	Activo
946	2	18	20250501	3477.29	339.04	425.97	173.86	2964.39	Activo
947	2	19	20250501	2120.69	206.77	259.78	106.03	1807.89	Activo
948	2	20	20250501	2249.45	219.32	275.56	112.47	1917.66	Activo
949	2	21	20250501	1966.14	191.7	240.85	98.31	1676.13	Activo
950	2	22	20250501	2048.55	199.73	250.95	102.43	1746.39	Activo
951	2	23	20250501	2716.87	264.9	332.82	135.84	2316.14	Activo
952	2	24	20250501	1152.96	112.41	141.24	57.65	982.9	Activo
953	2	25	20250501	2054.24	200.29	251.64	102.71	1751.24	Activo
954	2	26	20250501	2529.8	246.66	309.9	126.49	2156.66	Activo
955	2	27	20250501	1717.16	167.42	210.35	85.86	1463.88	Activo
956	2	28	20250501	832.36	81.15	101.96	0	751.2	Activo
957	2	29	20250501	3129.01	305.08	383.3	156.45	2667.48	Activo
958	2	60	20250501	1353.3	131.95	165.78	67.67	1153.69	Activo
959	3	30	20250501	1788.77	174.41	219.12	89.44	1524.93	Activo
960	3	31	20250501	1688.03	164.58	206.78	84.4	1439.04	Activo
961	3	32	20250501	1789.34	174.46	219.19	89.47	1525.41	Activo
962	3	33	20250501	833.4	81.26	102.09	0	752.14	Activo
963	3	34	20250501	1814.84	176.95	222.32	90.74	1547.15	Activo
964	3	35	20250501	2929.97	285.67	358.92	146.5	2497.8	Activo
965	3	36	\N	888.1	86.59	108.79	0	801.51	Activo
966	3	37	20250501	1827.82	178.21	223.91	91.39	1558.22	Activo
967	3	38	20250501	2819.67	274.92	345.41	140.98	2403.77	Activo
968	3	39	20250501	1755.64	171.18	215.07	87.78	1496.68	Activo
969	3	40	20250501	1343.06	130.95	164.52	67.15	1144.96	Activo
970	3	41	20250501	1015.99	99.06	124.46	0	916.93	Activo
971	3	42	20250501	2667.57	260.09	326.78	133.38	2274.11	Activo
972	3	43	20250501	3202.2	312.21	392.27	160.11	2729.87	Activo
973	3	44	20250501	2131.35	207.81	261.09	106.57	1816.97	Activo
974	3	46	20250501	1443.86	140.78	176.87	72.19	1230.89	Activo
975	3	47	20250501	1287.95	125.58	157.77	64.4	1097.98	Activo
976	3	48	20250501	3140.06	306.16	384.66	157	2676.9	Activo
977	3	49	20250501	2236.85	218.09	274.01	111.84	1906.91	Activo
978	3	50	20250501	2448.27	238.71	299.91	122.41	2087.15	Activo
979	3	51	20250501	2086.6	203.44	255.61	104.33	1778.82	Activo
980	3	52	20250501	3387.36	330.27	414.95	169.37	2887.73	Activo
981	3	53	20250501	2477.62	241.57	303.51	123.88	2112.17	Activo
982	3	54	20250501	1748.74	170.5	214.22	87.44	1490.8	Activo
983	3	55	20250501	1725.49	168.24	211.37	86.27	1470.98	Activo
984	3	56	20250501	3165.63	308.65	387.79	158.28	2698.7	Activo
985	3	57	20250501	1122.41	109.44	137.5	56.12	956.86	Activo
986	3	58	20250501	3194.48	311.46	391.32	159.72	2723.29	Activo
987	3	59	20250501	1403.69	136.86	171.95	70.18	1196.64	Activo
988	1	1	20250601	3219.09	313.86	394.34	160.95	2744.27	Activo
989	1	2	20250601	3291.48	320.92	403.21	164.57	2805.98	Activo
990	1	3	20250601	1482.01	144.5	181.55	74.1	1263.41	Activo
991	1	4	20250601	2587.31	252.26	316.95	129.37	2205.68	Activo
992	1	5	20250601	2961.6	288.76	362.8	148.08	2524.76	Activo
993	1	6	\N	2993.1	291.83	366.66	149.66	2551.62	Activo
994	1	7	20250601	880.21	85.82	107.83	0	794.39	Activo
995	1	8	20250601	2220.79	216.53	272.05	111.04	1893.22	Activo
996	1	9	20250601	3217.45	313.7	394.14	160.87	2742.87	Activo
997	1	11	20250601	1511.77	147.4	185.19	75.59	1288.78	Activo
998	1	12	20250601	2813.45	274.31	344.65	140.67	2398.47	Activo
999	1	13	20250601	2940.69	286.72	360.23	147.03	2506.94	Activo
1000	1	14	20250601	1853.8	180.75	227.09	92.69	1580.36	Activo
1001	2	15	20250601	2967.24	289.31	363.49	148.36	2529.57	Activo
1002	2	16	20250601	1312.91	128.01	160.83	65.65	1119.26	Activo
1003	2	17	20250601	1749.01	170.53	214.25	87.45	1491.03	Activo
1004	2	18	20250601	3189.34	310.96	390.69	159.47	2718.92	Activo
1005	2	19	20250601	1335.61	130.22	163.61	66.78	1138.61	Activo
1006	2	20	20250601	1111.65	108.39	136.18	55.58	947.68	Activo
1007	2	21	20250601	2318.33	226.04	284	115.92	1976.38	Activo
1008	2	22	20250601	2617.2	255.18	320.61	130.86	2231.16	Activo
1009	2	23	20250601	2330.49	227.22	285.48	116.52	1986.74	Activo
1010	2	24	20250601	2093.23	204.09	256.42	104.66	1784.48	Activo
1011	2	25	20250601	1945.02	189.64	238.26	97.25	1658.13	Activo
1012	2	26	20250601	1364.46	133.03	167.15	68.22	1163.2	Activo
1013	2	27	20250601	2926.95	285.38	358.55	146.35	2495.23	Activo
1014	2	28	20250601	3427.53	334.18	419.87	171.38	2921.97	Activo
1015	2	29	20250601	2268.74	221.2	277.92	113.44	1934.1	Activo
1016	2	60	20250601	1526.9	148.87	187.04	76.34	1301.68	Activo
1017	3	30	20250601	3217.45	313.7	394.14	160.87	2742.88	Activo
1018	3	31	20250601	3338.23	325.48	408.93	166.91	2845.84	Activo
1019	3	32	20250601	891.75	86.95	109.24	0	804.8	Activo
1020	3	33	20250601	3365.48	328.13	412.27	168.27	2869.07	Activo
1021	3	34	20250601	2046.73	199.56	250.72	102.34	1744.84	Activo
1022	3	35	20250601	1050.24	102.4	128.65	0	947.84	Activo
1023	3	36	20250601	3082.65	300.56	377.63	154.13	2627.96	Activo
1024	3	37	20250601	1800.92	175.59	220.61	90.05	1535.28	Activo
1025	3	38	20250601	1105.42	107.78	135.41	55.27	942.37	Activo
1026	3	40	20250601	3262.67	318.11	399.68	163.13	2781.42	Activo
1027	3	41	20250601	1540.73	150.22	188.74	77.04	1313.48	Activo
1028	3	42	20250601	1821.09	177.56	223.08	91.05	1552.48	Activo
1029	3	43	20250601	3240.96	315.99	397.02	162.05	2762.92	Activo
1030	3	44	20250601	1243.92	121.28	152.38	62.2	1060.44	Activo
1031	3	45	20250601	3315.24	323.24	406.12	165.76	2826.24	Activo
1032	3	46	20250601	984.6	96	120.61	0	888.6	Activo
1033	3	47	20250601	1643.16	160.21	201.29	82.16	1400.79	Activo
1034	3	48	20250601	2283.6	222.65	279.74	114.18	1946.77	Activo
1035	3	49	20250601	2214.73	215.94	271.3	110.74	1888.06	Activo
1036	3	50	20250601	2719.88	265.19	333.19	135.99	2318.7	Activo
1037	3	51	20250601	2879.2	280.72	352.7	143.96	2454.52	Activo
1038	3	52	20250601	1926.4	187.82	235.98	96.32	1642.25	Activo
1039	3	53	20250601	2752.73	268.39	337.21	137.64	2346.7	Activo
1040	3	54	20250601	1419.39	138.39	173.87	70.97	1210.03	Activo
1041	3	55	20250601	2293.37	223.6	280.94	114.67	1955.1	Activo
1042	3	56	20250601	1625.19	158.46	199.09	81.26	1385.47	Activo
1043	3	57	20250601	804.61	78.45	98.56	0	726.16	Activo
1044	3	59	20250601	2229.39	217.37	273.1	111.47	1900.56	Activo
1045	1	1	20250701	3478.67	339.17	426.14	173.93	2965.56	Activo
1046	1	2	20250701	3222.11	314.16	394.71	161.11	2746.85	Activo
1047	1	3	20250701	2024.81	197.42	248.04	101.24	1726.15	Activo
1048	1	4	20250701	2528.13	246.49	309.7	126.41	2155.23	Activo
1049	1	5	20250701	2569.56	250.53	314.77	128.48	2190.55	Activo
1050	1	6	20250701	2057.77	200.63	252.08	102.89	1754.25	Activo
1051	1	7	20250701	2110.66	205.79	258.56	105.53	1799.34	Activo
1052	1	8	20250701	1773.04	172.87	217.2	88.65	1511.51	Activo
1053	1	9	20250701	3283.8	320.17	402.27	164.19	2799.44	Activo
1054	1	10	\N	2708.87	264.11	331.84	135.44	2309.31	Activo
1055	1	11	20250701	2254.98	219.86	276.23	112.75	1922.37	Activo
1056	1	12	20250701	865.06	84.34	105.97	0	780.72	Activo
1057	1	13	20250701	2351.62	229.28	288.07	117.58	2004.75	Activo
1058	1	14	20250701	2018.34	196.79	247.25	100.92	1720.64	Activo
1059	2	15	20250701	1418.91	138.34	173.82	70.95	1209.62	Activo
1060	2	16	20250701	1233.85	120.3	151.15	61.69	1051.85	Activo
1061	2	17	20250701	3364.3	328.02	412.13	168.22	2868.07	Activo
1062	2	18	20250701	1617.73	157.73	198.17	80.89	1379.11	Activo
1063	2	19	20250701	2356.54	229.76	288.68	117.83	2008.95	Activo
1064	2	20	20250701	1203.79	117.37	147.46	60.19	1026.23	Activo
1065	2	21	\N	2544.21	248.06	311.67	127.21	2168.94	Activo
1066	2	22	20250701	1633.19	159.24	200.07	81.66	1392.29	Activo
1067	2	23	20250701	890.55	86.83	109.09	0	803.72	Activo
1068	2	24	20250701	3073.99	299.71	376.56	153.7	2620.58	Activo
1069	2	25	20250701	2529.02	246.58	309.81	126.45	2155.99	Activo
1070	2	26	20250701	1857.19	181.08	227.51	92.86	1583.25	Activo
1071	2	27	20250701	2295.5	223.81	281.2	114.78	1956.92	Activo
1072	2	28	20250701	1979.39	192.99	242.47	98.97	1687.43	Activo
1073	2	29	20250701	3166.96	308.78	387.95	158.35	2699.83	Activo
1074	2	60	20250701	1145.81	111.72	140.36	57.29	976.8	Activo
1075	3	30	20250701	1294.3	126.19	158.55	64.72	1103.39	Activo
1076	3	31	20250701	2089.03	203.68	255.91	104.45	1780.9	Activo
1077	3	32	20250701	2496.71	243.43	305.85	124.84	2128.45	Activo
1078	3	33	20250701	2955.29	288.14	362.02	147.76	2519.39	Activo
1079	3	34	20250701	2346.67	228.8	287.47	117.33	2000.54	Activo
1080	3	35	20250701	2419.75	235.93	296.42	120.99	2062.84	Activo
1081	3	36	20250701	2056.73	200.53	251.95	102.84	1753.36	Activo
1082	3	37	20250701	1837.16	179.12	225.05	91.86	1566.18	Activo
1083	3	38	20250701	1341.81	130.83	164.37	67.09	1143.89	Activo
1084	3	39	20250701	1531.23	149.3	187.58	76.56	1305.38	Activo
1085	3	40	20250701	1761.49	171.75	215.78	88.07	1501.67	Activo
1086	3	41	20250701	2298.55	224.11	281.57	114.93	1959.52	Activo
1087	3	42	20250701	1167	113.78	142.96	58.35	994.87	Activo
1088	3	43	20250701	1960.83	191.18	240.2	98.04	1671.61	Activo
1089	3	44	20250701	1179.84	115.03	144.53	58.99	1005.81	Activo
1090	3	45	20250701	2535.51	247.21	310.6	126.78	2161.52	Activo
1091	3	46	20250701	1464.01	142.74	179.34	73.2	1248.06	Activo
1092	3	47	20250701	1039.21	101.32	127.3	0	937.88	Activo
1093	3	48	20250701	2148.93	209.52	263.24	107.45	1831.96	Activo
1094	3	49	20250701	1996.27	194.64	244.54	99.81	1701.82	Activo
1095	3	50	20250701	1554.8	151.59	190.46	77.74	1325.46	Activo
1096	3	51	20250701	1614.55	157.42	197.78	80.73	1376.4	Activo
1097	3	52	20250701	1216.26	118.59	148.99	60.81	1036.86	Activo
1098	3	53	20250701	2980.18	290.57	365.07	149.01	2540.6	Activo
1099	3	55	20250701	1977.15	192.77	242.2	98.86	1685.52	Activo
1100	3	56	20250701	2086.98	203.48	255.66	104.35	1779.15	Activo
1101	3	57	20250701	2050.45	199.92	251.18	102.52	1748.01	Activo
1102	3	58	20250701	1444.48	140.84	176.95	72.22	1231.42	Activo
1103	3	59	20250701	2454.93	239.36	300.73	122.75	2092.83	Activo
1104	1	1	20250801	1997.97	194.8	244.75	99.9	1703.27	Activo
1105	1	2	20250801	3073.24	299.64	376.47	153.66	2619.94	Activo
1106	1	3	20250801	1299.33	126.68	159.17	64.97	1107.68	Activo
1107	1	4	20250801	3215.99	313.56	393.96	160.8	2741.63	Activo
1108	1	5	20250801	1182.43	115.29	144.85	59.12	1008.02	Activo
1109	1	6	20250801	1918.46	187.05	235.01	95.92	1635.49	Activo
1110	1	7	20250801	989.27	96.45	121.19	0	892.82	Activo
1111	1	8	20250801	1936.59	188.82	237.23	96.83	1650.95	Activo
1112	1	9	20250801	2859.03	278.76	350.23	142.95	2437.32	Activo
1113	1	10	20250801	1796.31	175.14	220.05	89.82	1531.35	Activo
1114	1	12	20250801	2065.12	201.35	252.98	103.26	1760.51	Activo
1115	1	13	20250801	1338.97	130.55	164.02	66.95	1141.48	Activo
1116	1	14	20250801	2419.03	235.86	296.33	120.95	2062.22	Activo
1117	2	15	20250801	1103.42	107.58	135.17	55.17	940.67	Activo
1118	2	16	20250801	1020.79	99.53	125.05	0	921.26	Activo
1119	2	17	20250801	2194.04	213.92	268.77	109.7	1870.42	Activo
1120	2	18	20250801	2289.93	223.27	280.52	114.5	1952.17	Activo
1121	2	19	20250801	1238.57	120.76	151.72	61.93	1055.88	Activo
1122	2	20	20250801	2614.89	254.95	320.32	130.74	2229.19	Activo
1123	2	21	20250801	2454.09	239.27	300.63	122.7	2092.11	Activo
1124	2	22	20250801	3283.09	320.1	402.18	164.15	2798.83	Activo
1125	2	23	20250801	2175.49	212.11	266.5	108.77	1854.6	Activo
1126	2	24	20250801	973	94.87	119.19	0	878.13	Activo
1127	2	25	20250801	2524.48	246.14	309.25	126.22	2152.12	Activo
1128	2	26	20250801	2468.78	240.71	302.43	123.44	2104.64	Activo
1129	2	27	20250801	2374.85	231.55	290.92	118.74	2024.56	Activo
1130	2	28	20250801	1000.36	97.54	122.54	0	902.82	Activo
1131	2	29	20250801	2741.42	267.29	335.82	137.07	2337.06	Activo
1132	2	60	20250801	2137.31	208.39	261.82	106.87	1822.06	Activo
1133	3	30	20250801	2980.21	290.57	365.08	149.01	2540.63	Activo
1134	3	31	20250801	1125.54	109.74	137.88	56.28	959.52	Activo
1135	3	32	20250801	2300.62	224.31	281.83	115.03	1961.28	Activo
1136	3	33	20250801	1240.33	120.93	151.94	62.02	1057.38	Activo
1137	3	34	20250801	2709.16	264.14	331.87	135.46	2309.56	Activo
1138	3	35	20250801	2015.54	196.52	246.9	100.78	1718.25	Activo
1139	3	36	20250801	855.93	83.45	104.85	0	772.48	Activo
1140	3	37	20250801	1280.15	124.81	156.82	64.01	1091.33	Activo
1141	3	38	20250801	1033.36	100.75	126.59	0	932.61	Activo
1142	3	39	20250801	2190.93	213.62	268.39	109.55	1867.77	Activo
1143	3	40	20250801	2739.7	267.12	335.61	136.98	2335.59	Activo
1144	3	41	20250801	3475.3	338.84	425.72	173.77	2962.7	Activo
1145	3	42	20250801	929.02	90.58	113.8	0	838.44	Activo
1146	3	43	20250801	1115.32	108.74	136.63	55.77	950.81	Activo
1147	3	44	20250801	1562.82	152.37	191.45	78.14	1332.3	Activo
1148	3	45	20250801	1365.81	133.17	167.31	68.29	1164.35	Activo
1149	3	46	20250801	1089.83	106.26	133.5	0	983.57	Activo
1150	3	47	20250801	1640.85	159.98	201	82.04	1398.83	Activo
1151	3	48	20250801	2181.48	212.69	267.23	109.07	1859.71	Activo
1152	3	49	20250801	3399.88	331.49	416.49	169.99	2898.4	Activo
1153	3	50	20250801	3219.85	313.94	394.43	160.99	2744.92	Activo
1154	3	51	20250801	1141.38	111.28	139.82	57.07	973.03	Activo
1155	3	52	20250801	2636.84	257.09	323.01	131.84	2247.9	Activo
1156	3	53	20250801	2117.79	206.48	259.43	105.89	1805.42	Activo
1157	3	54	20250801	1317.15	128.42	161.35	65.86	1122.87	Activo
1158	3	55	20250801	1987.46	193.78	243.46	99.37	1694.31	Activo
1159	3	56	20250801	1563.65	152.46	191.55	78.18	1333.01	Activo
1160	3	57	20250801	1995.61	194.57	244.46	99.78	1701.26	Activo
1161	3	58	20250801	2374.07	231.47	290.82	118.7	2023.9	Activo
1162	3	59	20250801	2472.86	241.1	302.93	123.64	2108.11	Activo
1163	1	1	20250901	2257.96	220.15	276.6	112.9	1924.91	Activo
1164	1	2	20250901	1483.88	144.68	181.78	74.19	1265.01	Activo
1165	1	3	20250901	2280.34	222.33	279.34	114.02	1943.99	Activo
1166	1	4	20250901	916.49	89.36	112.27	0	827.13	Activo
1167	1	5	20250901	1566.34	152.72	191.88	78.32	1335.3	Activo
1168	1	6	20250901	1848.68	180.25	226.46	92.43	1576	Activo
1169	1	7	20250901	1103.89	107.63	135.23	55.19	941.07	Activo
1170	1	8	20250901	989.5	96.48	121.21	0	893.02	Activo
1171	1	9	20250901	3294.7	321.23	403.6	164.74	2808.74	Activo
1172	1	10	20250901	2845.05	277.39	348.52	142.25	2425.4	Activo
1173	1	11	20250901	3127.14	304.9	383.08	156.36	2665.89	Activo
1174	1	12	20250901	2578.32	251.39	315.84	128.92	2198.02	Activo
1175	1	13	20250901	2735.4	266.7	335.09	136.77	2331.93	Activo
1176	1	14	20250901	2761.43	269.24	338.28	138.07	2354.12	Activo
1177	2	15	20250901	1410.68	137.54	172.81	70.53	1202.61	Activo
1178	2	16	20250901	1945.51	189.69	238.33	97.28	1658.55	Activo
1179	2	17	20250901	1083.78	105.67	132.76	0	978.11	Activo
1180	2	19	20250901	2586.75	252.21	316.88	129.34	2205.2	Activo
1181	2	20	20250901	2829.06	275.83	346.56	141.45	2411.77	Activo
1182	2	21	20250901	3335.49	325.21	408.6	166.77	2843.51	Activo
1183	2	22	20250901	3060.28	298.38	374.88	153.01	2608.89	Activo
1184	2	23	20250901	2553.63	248.98	312.82	127.68	2176.97	Activo
1185	2	24	20250901	1974.51	192.51	241.88	98.73	1683.27	Activo
1186	2	25	20250901	2831.31	276.05	346.84	141.57	2413.69	Activo
1187	2	26	20250901	1441.7	140.57	176.61	72.09	1229.05	Activo
1188	2	27	20250901	2069.48	201.77	253.51	103.47	1764.23	Activo
1189	2	28	20250901	1745.62	170.2	213.84	87.28	1488.14	Activo
1190	2	29	20250901	2919.1	284.61	357.59	145.96	2488.54	Activo
1191	2	60	20250901	1986.28	193.66	243.32	99.31	1693.3	Activo
1192	3	30	20250901	995.34	97.05	121.93	0	898.3	Activo
1193	3	31	20250901	3357.11	327.32	411.25	167.86	2861.94	Activo
1194	3	32	20250901	1563.16	152.41	191.49	78.16	1332.6	Activo
1195	3	33	20250901	891.63	86.93	109.22	0	804.7	Activo
1196	3	34	20250901	3052.07	297.58	373.88	152.6	2601.89	Activo
1197	3	36	20250901	1079.95	105.3	132.29	0	974.66	Activo
1198	3	37	20250901	1009.85	98.46	123.71	0	911.39	Activo
1199	3	38	20250901	3437.37	335.14	421.08	171.87	2930.35	Activo
1200	3	39	20250901	2886.32	281.42	353.57	144.32	2460.59	Activo
1201	3	40	20250901	1812.9	176.76	222.08	90.64	1545.49	Activo
1202	3	41	20250901	2714.47	264.66	332.52	135.72	2314.09	Activo
1203	3	42	20250901	1327.7	129.45	162.64	66.38	1131.86	Activo
1204	3	43	20250901	3208.09	312.79	392.99	160.4	2734.9	Activo
1205	3	44	20250901	2380.93	232.14	291.66	119.05	2029.74	Activo
1206	3	45	20250901	983.29	95.87	120.45	0	887.42	Activo
1207	3	46	20250901	1042.93	101.69	127.76	0	941.25	Activo
1208	3	47	20250901	2039.83	198.88	249.88	101.99	1738.95	Activo
1209	3	48	20250901	3084.83	300.77	377.89	154.24	2629.82	Activo
1210	3	49	20250901	2613.37	254.8	320.14	130.67	2227.9	Activo
1211	3	50	20250901	872.16	85.04	106.84	0	787.13	Activo
1212	3	51	20250901	1061.39	103.49	130.02	0	957.9	Activo
1213	3	52	20250901	916.44	89.35	112.26	0	827.09	Activo
1214	3	53	20250901	1338.95	130.55	164.02	66.95	1141.46	Activo
1215	3	54	20250901	2798.31	272.84	342.79	139.92	2385.56	Activo
1216	3	56	20250901	2064.72	201.31	252.93	103.24	1760.17	Activo
1217	3	57	20250901	2402.9	234.28	294.36	120.15	2048.48	Activo
1218	3	58	20250901	2655.71	258.93	325.32	132.79	2264	Activo
1219	3	59	20250901	1067.69	104.1	130.79	0	963.59	Activo
1220	1	1	20251001	3377.89	329.34	413.79	168.89	2879.65	Activo
1221	1	2	20251001	2593.96	252.91	317.76	129.7	2211.35	Activo
1222	1	3	20251001	3461.41	337.49	424.02	173.07	2950.85	Activo
1223	1	4	20251001	2237.25	218.13	274.06	111.86	1907.26	Activo
1224	1	5	20251001	2145.68	209.2	262.85	107.28	1829.19	Activo
1225	1	6	20251001	1050.48	102.42	128.68	0	948.06	Activo
1226	1	7	20251001	1462.16	142.56	179.11	73.11	1246.49	Activo
1227	1	8	20251001	2647.07	258.09	324.27	132.35	2256.63	Activo
1228	1	9	20251001	1243.12	121.2	152.28	62.16	1059.76	Activo
1229	1	10	20251001	2057.38	200.59	252.03	102.87	1753.91	Activo
1230	1	12	20251001	1866.4	181.97	228.63	93.32	1591.11	Activo
1231	1	14	20251001	1103.75	107.62	135.21	55.19	940.95	Activo
1232	2	15	20251001	2026.5	197.58	248.25	101.32	1727.59	Activo
1233	2	16	20251001	3458.73	337.23	423.69	172.94	2948.57	Activo
1234	2	17	20251001	2130.69	207.74	261.01	106.53	1816.42	Activo
1235	2	18	20251001	2110.16	205.74	258.49	105.51	1798.91	Activo
1236	2	19	20251001	2016.21	196.58	246.99	100.81	1718.82	Activo
1237	2	20	20251001	3162.15	308.31	387.36	158.11	2695.73	Activo
1238	2	21	20251001	3320.59	323.76	406.77	166.03	2830.8	Activo
1239	2	22	20251001	3002.78	292.77	367.84	150.14	2559.87	Activo
1240	2	23	20251001	1442.68	140.66	176.73	72.13	1229.88	Activo
1241	2	24	20251001	1192.24	116.24	146.05	59.61	1016.39	Activo
1242	2	25	20251001	1279.21	124.72	156.7	63.96	1090.53	Activo
1243	2	26	20251001	1437.02	140.11	176.03	71.85	1225.06	Activo
1244	2	27	20251001	2269.41	221.27	278	113.47	1934.67	Activo
1245	2	28	20251001	1118.78	109.08	137.05	55.94	953.76	Activo
1246	2	29	20251001	2187.53	213.28	267.97	109.38	1864.87	Activo
1247	2	60	20251001	2995.37	292.05	366.93	149.77	2553.55	Activo
1248	3	30	20251001	2539.45	247.6	311.08	126.97	2164.88	Activo
1249	3	31	20251001	3050.22	297.4	373.65	152.51	2600.31	Activo
1250	3	32	20251001	2007.62	195.74	245.93	100.38	1711.49	Activo
1251	3	33	20251001	1011.29	98.6	123.88	0	912.69	Activo
1252	3	34	20251001	1199.3	116.93	146.91	59.96	1022.4	Activo
1253	3	35	20251001	3112.36	303.46	381.26	155.62	2653.29	Activo
1254	3	36	20251001	2519.38	245.64	308.62	125.97	2147.77	Activo
1255	3	37	20251001	2429.46	236.87	297.61	121.47	2071.12	Activo
1256	3	38	20251001	2836.12	276.52	347.42	141.81	2417.79	Activo
1257	3	39	20251001	2117.97	206.5	259.45	105.9	1805.57	Activo
1258	3	40	20251001	1710.92	166.81	209.59	85.55	1458.56	Activo
1259	3	41	20251001	2604.67	253.95	319.07	130.23	2220.48	Activo
1260	3	42	20251001	3004.65	292.95	368.07	150.23	2561.47	Activo
1261	3	43	20251001	2515.91	245.3	308.2	125.8	2144.81	Activo
1262	3	44	20251001	1890.64	184.34	231.6	94.53	1611.77	Activo
1263	3	45	20251001	2241.7	218.57	274.61	112.09	1911.05	Activo
1264	3	46	20251001	1208.48	117.83	148.04	60.42	1030.23	Activo
1265	3	47	20251001	1196.6	116.67	146.58	59.83	1020.1	Activo
1266	3	48	20251001	1889.18	184.19	231.42	94.46	1610.52	Activo
1267	3	49	20251001	2824.54	275.39	346.01	141.23	2407.92	Activo
1268	3	50	20251001	3041.81	296.58	372.62	152.09	2593.14	Activo
1269	3	51	20251001	2125.08	207.2	260.32	106.25	1811.63	Activo
1270	3	52	20251001	3204.34	312.42	392.53	160.22	2731.7	Activo
1271	3	53	20251001	964.37	94.03	118.14	0	870.34	Activo
1272	3	54	20251001	1163.33	113.42	142.51	58.17	991.74	Activo
1273	3	55	20251001	1522.34	148.43	186.49	76.12	1297.8	Activo
1274	3	56	20251001	3084.38	300.73	377.84	154.22	2629.43	Activo
1275	3	57	20251001	884.37	86.23	108.34	0	798.14	Activo
1276	3	58	20251001	2384.83	232.52	292.14	119.24	2033.07	Activo
1277	3	59	20251001	1588.09	154.84	194.54	79.4	1353.85	Activo
1278	1	1	20251101	2900.8	282.83	355.35	145.04	2472.93	Activo
1279	1	2	20251101	2682.42	261.54	328.6	134.12	2286.76	Activo
1280	1	3	20251101	2427.66	236.7	297.39	121.38	2069.58	Activo
1281	1	4	20251101	1549.14	151.04	189.77	77.46	1320.64	Activo
1282	1	5	20251101	1505.3	146.77	184.4	75.26	1283.27	Activo
1283	1	6	20251101	1491.49	145.42	182.71	74.57	1271.5	Activo
1284	1	7	20251101	3469.02	338.23	424.96	173.45	2957.34	Activo
1285	1	8	20251101	3161.18	308.21	387.24	158.06	2694.9	Activo
1286	1	9	20251101	2422.15	236.16	296.71	121.11	2064.89	Activo
1287	1	10	20251101	1959.23	191.02	240.01	97.96	1670.24	Activo
1288	1	11	20251101	3263.54	318.19	399.78	163.18	2782.17	Activo
1289	1	12	20251101	1892.46	184.51	231.83	94.62	1613.32	Activo
1290	1	13	20251101	2589.06	252.43	317.16	129.45	2207.18	Activo
1291	1	14	20251101	2646.7	258.05	324.22	132.33	2256.31	Activo
1292	2	15	20251101	924.27	90.12	113.22	0	834.16	Activo
1293	2	16	20251101	2136.86	208.34	261.77	106.84	1821.68	Activo
1294	2	17	20251101	1271.36	123.96	155.74	63.57	1083.83	Activo
1295	2	18	20251101	2328.21	227	285.21	116.41	1984.8	Activo
1296	2	19	20251101	898.7	87.62	110.09	0	811.07	Activo
1297	2	20	20251101	2087.1	203.49	255.67	104.35	1779.25	Activo
1298	2	21	20251101	1900.55	185.3	232.82	95.03	1620.22	Activo
1299	2	22	20251101	1462.56	142.6	179.16	73.13	1246.83	Activo
1300	2	23	20251101	3427.36	334.17	419.85	171.37	2921.82	Activo
1301	2	24	20251101	1204.33	117.42	147.53	60.22	1026.69	Activo
1302	2	25	20251101	2486.5	242.43	304.6	124.33	2119.74	Activo
1303	2	26	20251101	2525.79	246.26	309.41	126.29	2153.24	Activo
1304	2	27	20251101	1151.62	112.28	141.07	57.58	981.75	Activo
1305	2	28	20251101	2681.14	261.41	328.44	134.06	2285.67	Activo
1306	2	29	20251101	1293.24	126.09	158.42	64.66	1102.49	Activo
1307	2	60	20251101	2441.02	238	299.03	122.05	2080.97	Activo
1308	3	30	20251101	854.07	83.27	104.62	0	770.8	Activo
1309	3	31	20251101	3053.28	297.69	374.03	152.66	2602.92	Activo
1310	3	32	\N	2917.53	284.46	357.4	145.88	2487.19	Activo
1311	3	34	20251101	2370.3	231.1	290.36	118.51	2020.68	Activo
1312	3	36	20251101	1064.68	103.81	130.42	0	960.88	Activo
1313	3	37	20251101	2124.49	207.14	260.25	106.22	1811.13	Activo
1314	3	38	20251101	1631.69	159.09	199.88	81.58	1391.02	Activo
1315	3	39	20251101	2563.01	249.89	313.97	128.15	2184.96	Activo
1316	3	40	20251101	1334.79	130.14	163.51	66.74	1137.9	Activo
1317	3	41	20251101	988.76	96.4	121.12	0	892.36	Activo
1318	3	42	20251101	2588.25	252.35	317.06	129.41	2206.48	Activo
1319	3	43	20251101	3340.06	325.66	409.16	167	2847.41	Activo
1320	3	44	20251101	3105.32	302.77	380.4	155.27	2647.29	Activo
1321	3	45	20251101	1683.17	164.11	206.19	84.16	1434.9	Activo
1322	3	46	20251101	2776	270.66	340.06	138.8	2366.54	Activo
1323	3	47	20251101	2093.87	204.15	256.5	104.69	1785.03	Activo
1324	3	48	20251101	3275.9	319.4	401.3	163.8	2792.71	Activo
1325	3	49	20251101	2058.67	200.72	252.19	102.93	1755.02	Activo
1326	3	50	20251101	2029.07	197.83	248.56	101.45	1729.78	Activo
1327	3	51	20251101	2574.02	250.97	315.32	128.7	2194.35	Activo
1328	3	52	20251101	2861.65	279.01	350.55	143.08	2439.56	Activo
1329	3	53	20251101	2491.78	242.95	305.24	124.59	2124.24	Activo
1330	3	54	20251101	2970.2	289.59	363.85	148.51	2532.1	Activo
1331	3	55	20251101	2772.29	270.3	339.61	138.61	2363.37	Activo
1332	3	56	20251101	931.85	90.86	114.15	0	841	Activo
1333	3	57	20251101	1410.52	137.53	172.79	70.53	1202.47	Activo
1334	3	58	20251101	1074.02	104.72	131.57	0	969.31	Activo
1335	3	59	20251101	2388.17	232.85	292.55	119.41	2035.91	Activo
1336	1	1	20251201	3334.51	325.11	408.48	166.73	2842.67	Activo
1337	1	2	20251201	2320.22	226.22	284.23	116.01	1977.99	Activo
1338	1	3	20251201	1738.04	169.46	212.91	86.9	1481.68	Activo
1339	1	4	20251201	2192.29	213.75	268.56	109.61	1868.93	Activo
1340	1	5	20251201	1855.57	180.92	227.31	92.78	1581.87	Activo
1341	1	6	20251201	3008.36	293.31	368.52	150.42	2564.62	Activo
1342	1	7	20251201	1646.23	160.51	201.66	82.31	1403.41	Activo
1343	1	8	20251201	1372.33	133.8	168.11	68.62	1169.91	Activo
1344	1	9	20251201	1860.5	181.4	227.91	93.02	1586.07	Activo
1345	1	10	20251201	3203.7	312.36	392.45	160.18	2731.15	Activo
1346	1	12	20251201	1269.94	123.82	155.57	63.5	1082.62	Activo
1347	1	13	20251201	3117.89	303.99	381.94	155.89	2658	Activo
1348	1	14	20251201	1760.88	171.69	215.71	88.04	1501.15	Activo
1349	2	15	20251201	2018.05	196.76	247.21	100.9	1720.39	Activo
1350	2	17	20251201	1315.15	128.23	161.11	65.76	1121.16	Activo
1351	2	18	20251201	2278.39	222.14	279.1	113.92	1942.33	Activo
1352	2	19	20251201	1308.74	127.6	160.32	65.44	1115.7	Activo
1353	2	20	20251201	2983.23	290.86	365.45	149.16	2543.2	Activo
1354	2	22	20251201	1061.55	103.5	130.04	0	958.05	Activo
1355	2	23	20251201	977.16	95.27	119.7	0	881.89	Activo
1356	2	24	20251201	3002.56	292.75	367.81	150.13	2559.68	Activo
1357	2	25	20251201	3392.69	330.79	415.61	169.63	2892.27	Activo
1358	2	26	20251201	1571.17	153.19	192.47	78.56	1339.42	Activo
1359	2	27	20251201	2849.96	277.87	349.12	142.5	2429.59	Activo
1360	2	28	20251201	2288.06	223.09	280.29	114.4	1950.57	Activo
1361	2	29	20251201	1616.7	157.63	198.05	80.83	1378.23	Activo
1362	2	60	20251201	1350	131.63	165.38	67.5	1150.88	Activo
1363	3	30	20251201	2400.05	234	294.01	120	2046.04	Activo
1364	3	31	20251201	2096.65	204.42	256.84	104.83	1787.39	Activo
1365	3	32	20251201	2002.58	195.25	245.32	100.13	1707.2	Activo
1366	3	33	20251201	1631.05	159.03	199.8	81.55	1390.47	Activo
1367	3	34	20251201	1840.15	179.41	225.42	92.01	1568.73	Activo
1368	3	35	20251201	2456.3	239.49	300.9	122.81	2093.99	Activo
1369	3	36	20251201	1197.22	116.73	146.66	59.86	1020.63	Activo
1370	3	37	20251201	1488.17	145.1	182.3	74.41	1268.66	Activo
1371	3	38	20251201	3370.73	328.65	412.91	168.54	2873.54	Activo
1372	3	39	20251201	2841.56	277.05	348.09	142.08	2422.43	Activo
1373	3	40	20251201	2054.41	200.31	251.67	102.72	1751.39	Activo
1374	3	41	20251201	3172.38	309.31	388.62	158.62	2704.46	Activo
1375	3	42	20251201	2139.63	208.61	262.11	106.98	1824.04	Activo
1376	3	43	20251201	1368.98	133.48	167.7	68.45	1167.05	Activo
1377	3	44	20251201	894.93	87.26	109.63	0	807.67	Activo
1378	3	45	20251201	1280.66	124.86	156.88	64.03	1091.77	Activo
1379	3	46	20251201	1767.29	172.31	216.49	88.36	1506.61	Activo
1380	3	47	20251201	2161.56	210.75	264.79	108.08	1842.73	Activo
1381	3	48	20251201	2121.29	206.83	259.86	106.06	1808.4	Activo
1382	3	49	20251201	3265.72	318.41	400.05	163.29	2784.02	Activo
1383	3	50	20251201	2762.58	269.35	338.42	138.13	2355.1	Activo
1384	3	51	20251201	2875.71	280.38	352.27	143.79	2451.54	Activo
1385	3	52	20251201	2667.82	260.11	326.81	133.39	2274.32	Activo
1386	3	53	20251201	1901.73	185.42	232.96	95.09	1621.22	Activo
1387	3	54	20251201	2712.23	264.44	332.25	135.61	2312.17	Activo
1388	3	55	20251201	1041.6	101.56	127.6	0	940.05	Activo
1389	3	56	20251201	2254.46	219.81	276.17	112.72	1921.92	Activo
1390	3	57	20251201	1873	182.62	229.44	93.65	1596.73	Activo
1391	3	58	20251201	992.73	96.79	121.61	0	895.94	Activo
1392	3	59	20251201	913.27	89.04	111.88	0	824.23	Activo
\.


--
-- TOC entry 5034 (class 0 OID 16417)
-- Dependencies: 227
-- Data for Name: fact_tributario; Type: TABLE DATA; Schema: public; Owner: postgres
--

COPY public.fact_tributario (tributario_sk, cliente_sk, impuesto_sk, tiempo_sk, monto_debito, monto_credito, monto_pagado, fecha_vencimiento, fecha_presentacion, estado_declaracion) FROM stdin;
1	1	1	20240101	21643.79	11246.35	10397.44	1/16/2024	1/1/2024	PAGADO
2	1	2	20240101	77299.25	0	77299.25	1/16/2024	1/1/2024	PAGADO
3	1	3	20240101	4620	0	4620	1/16/2024	1/1/2024	PAGADO
4	2	1	20240101	13294.82	6827.38	6467.44	1/16/2024	1/1/2024	PAGADO
5	2	2	\N	47481.5	0	47481.5	1/16/2024	1/1/2024	PAGADO
6	2	3	\N	5280	0	5280	1/16/2024	1/1/2024	PAGADO
7	3	1	20240101	20600.65	6506.16	14094.49	1/16/2024	1/1/2024	PAGADO
8	3	2	20240101	73573.75	0	73573.75	1/16/2024	1/1/2024	PAGADO
9	3	3	20240101	9900	0	9900	1/16/2024	1/1/2024	PAGADO
10	1	1	20240201	20974.59	10230.12	10744.47	2/16/2024	\N	VENCIDO
11	1	2	20240201	74909.25	0	74909.25	2/16/2024	2/1/2024	PAGADO
12	1	3	20240201	4620	0	4620	2/16/2024	2/1/2024	PAGADO
13	2	1	20240201	13407.59	6227.28	7180.31	2/16/2024	2/1/2024	PAGADO
14	2	3	\N	5280	0	5280	2/16/2024	2/1/2024	PAGADO
15	3	1	20240201	21070.7	8828.92	12241.78	2/16/2024	2/1/2024	PAGADO
16	3	2	20240201	75252.5	0	75252.5	2/16/2024	2/1/2024	PAGADO
17	3	3	20240201	9900	0	9900	2/16/2024	2/1/2024	PAGADO
18	1	1	20240301	21208.04	9135.34	12072.7	3/16/2024	3/1/2024	PAGADO
19	2	1	20240301	14906.29	5894.81	9011.48	3/16/2024	3/1/2024	PAGADO
20	2	2	20240301	53236.75	0	53236.75	3/16/2024	\N	VENCIDO
21	2	3	20240301	5280	0	5280	3/16/2024	3/1/2024	PAGADO
22	3	1	20240301	20125.07	7988.47	12136.6	3/16/2024	3/1/2024	PAGADO
23	3	2	20240301	71875.25	0	71875.25	3/16/2024	3/1/2024	PAGADO
24	3	3	20240301	9900	0	9900	3/16/2024	3/1/2024	PAGADO
25	1	1	20240401	22640.52	13052.76	9587.76	4/16/2024	4/1/2024	PAGADO
26	1	2	20240401	80859	0	80859	4/16/2024	4/1/2024	PAGADO
27	1	3	20240401	4620	0	4620	4/16/2024	4/1/2024	PAGADO
28	2	1	20240401	14174.16	8132.39	6041.77	4/16/2024	4/1/2024	PAGADO
29	2	2	20240401	50622	0	50622	4/16/2024	\N	VENCIDO
30	2	3	20240401	5280	0	5280	4/16/2024	4/1/2024	PAGADO
31	3	1	20240401	20232.03	10277.35	9954.68	4/16/2024	4/1/2024	PAGADO
32	3	2	20240401	72257.25	0	72257.25	4/16/2024	4/1/2024	PAGADO
33	3	3	20240401	9900	0	9900	4/16/2024	4/1/2024	PAGADO
34	1	1	20240501	21806.89	9089.72	12717.17	5/16/2024	5/1/2024	PAGADO
35	1	2	20240501	77881.75	0	77881.75	5/16/2024	5/1/2024	PAGADO
36	1	3	20240501	4620	0	4620	5/16/2024	5/1/2024	PAGADO
37	2	1	20240501	14382.2	4741.65	9640.55	5/16/2024	\N	VENCIDO
38	2	2	\N	51365	0	51365	5/16/2024	5/1/2024	PAGADO
39	2	3	20240501	5280	0	5280	5/16/2024	5/1/2024	PAGADO
40	3	1	20240501	20333.32	10602.45	9730.87	5/16/2024	5/1/2024	PAGADO
41	3	2	20240501	72619	0	72619	5/16/2024	5/1/2024	PAGADO
42	3	3	20240501	9900	0	9900	5/16/2024	5/1/2024	PAGADO
43	1	3	20240601	4620	0	4620	6/16/2024	6/1/2024	PAGADO
44	2	1	20240601	13740.02	6242.54	7497.48	6/16/2024	6/1/2024	PAGADO
45	2	2	20240601	49071.5	0	49071.5	6/16/2024	6/1/2024	PAGADO
46	3	1	20240601	21231.49	10444.81	10786.68	6/16/2024	6/1/2024	PAGADO
47	3	2	20240601	75826.75	0	75826.75	6/16/2024	6/1/2024	PAGADO
48	3	3	20240601	9900	0	9900	6/16/2024	6/1/2024	PAGADO
49	1	2	20240701	80510.25	0	80510.25	7/16/2024	7/1/2024	PAGADO
50	1	3	20240701	4620	0	4620	7/16/2024	7/1/2024	PAGADO
51	2	1	20240701	7700	3343.18	4356.82	7/16/2024	7/1/2024	PAGADO
52	2	2	20240701	27500	0	27500	7/16/2024	7/1/2024	PAGADO
53	3	1	\N	21520.45	11981.52	9538.93	7/16/2024	7/1/2024	PAGADO
54	3	2	20240701	76858.75	0	76858.75	7/16/2024	7/1/2024	PAGADO
55	3	3	20240701	9900	0	9900	7/16/2024	7/1/2024	PAGADO
56	1	1	20240801	24011.05	13739.27	10271.78	8/16/2024	\N	VENCIDO
57	1	2	20240801	85753.75	0	85753.75	8/16/2024	8/1/2024	PAGADO
58	2	1	20240801	7700	2873.34	4826.66	8/16/2024	8/1/2024	PAGADO
59	2	2	20240801	27500	0	27500	8/16/2024	8/1/2024	PAGADO
60	2	3	20240801	5280	0	5280	8/16/2024	\N	VENCIDO
61	3	2	20240801	73451	0	73451	8/16/2024	8/1/2024	PAGADO
62	3	3	20240801	9900	0	9900	8/16/2024	8/1/2024	PAGADO
63	1	1	20240901	24476.62	8476.22	16000.4	9/16/2024	9/1/2024	PAGADO
64	1	2	20240901	87416.5	0	87416.5	9/16/2024	9/1/2024	PAGADO
65	1	3	20240901	4620	0	4620	9/16/2024	9/1/2024	PAGADO
66	2	1	20240901	7700	3455.66	4244.34	9/16/2024	9/1/2024	PAGADO
67	2	2	20240901	27500	0	27500	9/16/2024	9/1/2024	PAGADO
68	2	3	20240901	5280	0	5280	9/16/2024	9/1/2024	PAGADO
69	3	1	20240901	21128.87	7879.46	13249.41	9/16/2024	9/1/2024	PAGADO
70	3	2	20240901	75460.25	0	75460.25	9/16/2024	9/1/2024	PAGADO
71	3	3	20240901	9900	0	9900	9/16/2024	9/1/2024	PAGADO
72	1	1	20241001	24293.85	8989.68	15304.17	10/16/2024	10/1/2024	PAGADO
73	1	2	20241001	86763.75	0	86763.75	10/16/2024	10/1/2024	PAGADO
74	1	3	20241001	4620	0	4620	10/16/2024	\N	VENCIDO
75	2	1	20241001	14109.9	5525.19	8584.71	10/16/2024	10/1/2024	PAGADO
76	2	2	20241001	50392.5	0	50392.5	10/16/2024	10/1/2024	PAGADO
77	2	3	20241001	5280	0	5280	10/16/2024	10/1/2024	PAGADO
78	3	1	20241001	38521.84	17670.38	20851.46	10/16/2024	10/1/2024	PAGADO
79	3	2	20241001	137578	0	137578	10/16/2024	10/1/2024	PAGADO
80	3	3	20241001	9900	0	9900	10/16/2024	10/1/2024	PAGADO
81	1	1	20241101	23853.69	9879.47	13974.22	11/16/2024	11/1/2024	PAGADO
82	1	2	20241101	85191.75	0	85191.75	11/16/2024	\N	VENCIDO
83	1	3	20241101	4620	0	4620	11/16/2024	11/1/2024	PAGADO
84	2	2	20241101	52971.75	0	52971.75	11/16/2024	11/1/2024	PAGADO
85	2	3	20241101	5280	0	5280	11/16/2024	11/1/2024	PAGADO
86	3	1	20241101	37466.52	22213.44	15253.08	11/16/2024	11/1/2024	PAGADO
87	3	2	20241101	133809	0	133809	11/16/2024	11/1/2024	PAGADO
88	3	3	20241101	9900	0	9900	11/16/2024	11/1/2024	PAGADO
89	1	1	20241201	24858.05	14528.26	10329.79	12/16/2024	12/1/2024	PAGADO
90	1	3	20241201	4620	0	4620	12/16/2024	12/1/2024	PAGADO
91	2	1	20241201	13427.12	4532.86	8894.26	12/16/2024	12/1/2024	PAGADO
92	3	1	20241201	38474.66	16015.42	22459.24	12/16/2024	12/1/2024	PAGADO
93	3	2	20241201	137409.5	0	137409.5	12/16/2024	12/1/2024	PAGADO
94	3	3	20241201	9900	0	9900	12/16/2024	12/1/2024	PAGADO
95	1	2	\N	91091.5	0	91091.5	1/16/2025	1/1/2025	PAGADO
96	1	3	20250101	4620	0	4620	1/16/2025	\N	VENCIDO
97	2	1	20250101	14679.07	8755.27	5923.8	1/16/2025	1/1/2025	PAGADO
98	2	2	20250101	52425.25	0	52425.25	1/16/2025	1/1/2025	PAGADO
99	2	3	20250101	5280	0	5280	1/16/2025	1/1/2025	PAGADO
100	3	1	20250101	20200.25	8961.56	11238.69	1/16/2025	1/1/2025	PAGADO
101	3	2	20250101	72143.75	0	72143.75	1/16/2025	1/1/2025	PAGADO
102	1	1	20250201	25303.74	13522.98	11780.76	2/16/2025	2/1/2025	PAGADO
103	1	2	20250201	90370.5	0	90370.5	2/16/2025	2/1/2025	PAGADO
104	1	3	20250201	4620	0	4620	2/16/2025	2/1/2025	PAGADO
105	2	1	20250201	14343.28	6078.37	8264.91	2/16/2025	2/1/2025	PAGADO
106	2	2	20250201	51226	0	51226	2/16/2025	2/1/2025	PAGADO
107	3	1	20250201	20858.46	6644.78	14213.68	2/16/2025	2/1/2025	PAGADO
108	3	2	20250201	74494.5	0	74494.5	2/16/2025	2/1/2025	PAGADO
109	3	3	20250201	9900	0	9900	2/16/2025	\N	VENCIDO
110	1	1	20250301	26231.8	8148.44	18083.36	3/16/2025	3/1/2025	PAGADO
111	1	2	20250301	93685	0	93685	3/16/2025	3/1/2025	PAGADO
112	2	1	\N	14456.4	4510.35	9946.05	3/16/2025	\N	VENCIDO
113	2	2	20250301	51630	0	51630	3/16/2025	3/1/2025	PAGADO
114	2	3	20250301	5280	0	5280	3/16/2025	3/1/2025	PAGADO
115	3	1	20250301	20596.45	8198.66	12397.79	3/16/2025	3/1/2025	PAGADO
116	3	2	20250301	73558.75	0	73558.75	3/16/2025	3/1/2025	PAGADO
117	3	3	20250301	9900	0	9900	3/16/2025	\N	VENCIDO
118	1	1	20250401	26279.54	14367.92	11911.62	4/16/2025	4/1/2025	PAGADO
119	1	3	20250401	4620	0	4620	4/16/2025	4/1/2025	PAGADO
120	2	1	20250401	12957.7	4079.25	8878.45	4/16/2025	4/1/2025	PAGADO
121	2	2	20250401	46277.5	0	46277.5	4/16/2025	4/1/2025	PAGADO
122	2	3	20250401	5280	0	5280	4/16/2025	\N	VENCIDO
123	3	2	20250401	73657.5	0	73657.5	4/16/2025	4/1/2025	PAGADO
124	3	3	20250401	9900	0	9900	4/16/2025	4/1/2025	PAGADO
125	1	1	20250501	26286.82	14528.69	11758.13	5/16/2025	5/1/2025	PAGADO
126	1	2	20250501	93881.5	0	93881.5	5/16/2025	5/1/2025	PAGADO
127	2	1	20250501	14861.7	5870.23	8991.47	5/16/2025	\N	VENCIDO
128	2	2	20250501	53077.5	0	53077.5	5/16/2025	5/1/2025	PAGADO
129	2	3	\N	5280	0	5280	5/16/2025	5/1/2025	PAGADO
130	3	2	20250501	76426.25	0	76426.25	5/16/2025	5/1/2025	PAGADO
131	3	3	20250501	9900	0	9900	5/16/2025	5/1/2025	PAGADO
132	1	2	\N	94167.5	0	94167.5	6/16/2025	6/1/2025	PAGADO
133	1	3	20250601	4620	0	4620	6/16/2025	6/1/2025	PAGADO
134	2	1	20250601	14583.38	7664	6919.38	6/16/2025	6/1/2025	PAGADO
135	2	3	20250601	5280	0	5280	6/16/2025	6/1/2025	PAGADO
136	3	1	20250601	20999.51	8735.94	12263.57	6/16/2025	6/1/2025	PAGADO
137	3	3	\N	9900	0	9900	6/16/2025	6/1/2025	PAGADO
138	1	2	20250701	99235.5	0	99235.5	7/16/2025	7/1/2025	PAGADO
139	1	3	20250701	4620	0	4620	7/16/2025	7/1/2025	PAGADO
140	2	1	20250701	14698.74	8137.92	6560.82	7/16/2025	7/1/2025	PAGADO
141	2	3	20250701	5280	0	5280	7/16/2025	7/1/2025	PAGADO
142	3	1	20250701	21221.69	9534.6	11687.09	7/16/2025	7/1/2025	PAGADO
143	3	3	20250701	9900	0	9900	7/16/2025	\N	VENCIDO
144	1	1	20250801	27568.59	8728.9	18839.69	8/16/2025	8/1/2025	PAGADO
145	1	2	20250801	98459.25	0	98459.25	8/16/2025	8/1/2025	PAGADO
146	1	3	20250801	4620	0	4620	8/16/2025	8/1/2025	PAGADO
147	2	1	20250801	14086.24	6459.44	7626.8	8/16/2025	\N	VENCIDO
148	2	2	20250801	50308	0	50308	8/16/2025	8/1/2025	PAGADO
149	2	3	20250801	5280	0	5280	8/16/2025	\N	VENCIDO
150	3	1	20250801	20337.59	7577.68	12759.91	8/16/2025	8/1/2025	PAGADO
151	3	2	20250801	72634.25	0	72634.25	8/16/2025	8/1/2025	PAGADO
152	1	1	20250901	27921.46	11732.09	16189.37	9/16/2025	9/1/2025	PAGADO
153	1	2	20250901	99719.5	0	99719.5	9/16/2025	9/1/2025	PAGADO
154	1	3	\N	4620	0	4620	9/16/2025	9/1/2025	PAGADO
155	2	1	20250901	14146.16	6837.79	7308.37	9/16/2025	9/1/2025	PAGADO
156	2	3	20250901	5280	0	5280	9/16/2025	9/1/2025	PAGADO
157	3	2	20250901	75495	0	75495	9/16/2025	9/1/2025	PAGADO
158	3	3	20250901	9900	0	9900	9/16/2025	9/1/2025	PAGADO
159	1	1	20251001	28581.07	9653.81	18927.26	10/16/2025	10/1/2025	PAGADO
160	1	2	20251001	102075.25	0	102075.25	10/16/2025	10/1/2025	PAGADO
161	1	3	20251001	4620	0	4620	10/16/2025	10/1/2025	PAGADO
162	2	1	20251001	13709.5	7588.23	6121.27	10/16/2025	10/1/2025	PAGADO
163	2	2	20251001	48962.5	0	48962.5	10/16/2025	10/1/2025	PAGADO
164	2	3	20251001	5280	0	5280	10/16/2025	10/1/2025	PAGADO
165	3	1	20251001	38145.59	16564.46	21581.13	10/16/2025	10/1/2025	PAGADO
166	3	2	20251001	136234.25	0	136234.25	10/16/2025	10/1/2025	PAGADO
167	1	1	20251101	29353.73	15804.33	13549.4	11/16/2025	11/1/2025	PAGADO
168	1	2	20251101	104834.75	0	104834.75	11/16/2025	11/1/2025	PAGADO
169	1	3	20251101	4620	0	4620	11/16/2025	11/1/2025	PAGADO
170	2	1	20251101	14480.83	8589.9	5890.93	11/16/2025	11/1/2025	PAGADO
171	2	3	20251101	5280	0	5280	11/16/2025	11/1/2025	PAGADO
172	3	1	20251101	38241.56	18028.65	20212.91	11/16/2025	11/1/2025	PAGADO
173	3	2	20251101	136577	0	136577	11/16/2025	11/1/2025	PAGADO
174	3	3	20251101	9900	0	9900	11/16/2025	11/1/2025	PAGADO
175	1	1	20251201	29132.04	11573.91	17558.13	12/16/2025	12/1/2025	PAGADO
176	1	2	20251201	104043	0	104043	12/16/2025	12/1/2025	PAGADO
177	2	1	20251201	13776.28	4243.21	9533.07	12/16/2025	12/1/2025	PAGADO
178	2	2	20251201	49201	0	49201	12/16/2025	12/1/2025	PAGADO
179	2	3	20251201	5280	0	5280	12/16/2025	12/1/2025	PAGADO
180	3	2	20251201	137613.75	0	137613.75	12/16/2025	12/1/2025	PAGADO
\.


-- Completed on 2026-06-08 13:19:19

--
-- PostgreSQL database dump complete
--

\unrestrict oyka57t2jHeGr9vmdWobKac7NSYp9HTbEwaLo4fFOQkkmTUSq4XMZ86KjMB86Tb

